id,client_id,number,dt_created,dt_modified,sale_sum,status_id
1,10,ORD_1,2015-04-23 00:00:00.000,2015-05-04 00:00:00.000,4246.00,1
2,4,ORD_2,2015-04-08 00:00:00.000,2015-06-02 00:00:00.000,9093.00,1
3,5,ORD_3,2015-05-14 00:00:00.000,2015-06-26 00:00:00.000,9246.00,6
4,7,ORD_4,2015-02-27 00:00:00.000,2015-03-01 00:00:00.000,9521.00,3
5,7,ORD_5,2015-01-12 00:00:00.000,2015-02-09 00:00:00.000,6309.00,4
6,6,ORD_6,2015-06-06 00:00:00.000,2015-06-21 00:00:00.000,7886.00,7
7,2,ORD_7,2015-04-22 00:00:00.000,2015-06-11 00:00:00.000,3262.00,4
8,4,ORD_8,2015-05-19 00:00:00.000,2015-05-27 00:00:00.000,7521.00,7
9,8,ORD_9,2015-06-23 00:00:00.000,2015-06-29 00:00:00.000,8407.00,3
10,10,ORD_10,2015-06-06 00:00:00.000,2015-06-23 00:00:00.000,8545.00,6
11,1,ORD_11,2015-02-02 00:00:00.000,2015-06-23 00:00:00.000,1981.00,4
12,1,ORD_12,2015-04-06 00:00:00.000,2015-05-03 00:00:00.000,2545.00,6
13,10,ORD_13,2015-03-20 00:00:00.000,2015-05-16 00:00:00.000,9098.00,3
14,4,ORD_14,2015-01-23 00:00:00.000,2015-02-18 00:00:00.000,1030.00,4
15,2,ORD_15,2015-03-17 00:00:00.000,2015-06-14 00:00:00.000,8805.00,4
16,10,ORD_16,2015-01-03 00:00:00.000,2015-03-16 00:00:00.000,2766.00,1
17,4,ORD_17,2015-02-17 00:00:00.000,2015-06-29 00:00:00.000,8283.00,6
18,8,ORD_18,2015-04-01 00:00:00.000,2015-04-20 00:00:00.000,9001.00,6
19,6,ORD_19,2015-04-28 00:00:00.000,2015-05-04 00:00:00.000,9035.00,5
20,1,ORD_20,2015-01-27 00:00:00.000,2015-06-14 00:00:00.000,5211.00,7
21,5,ORD_21,2015-02-01 00:00:00.000,2015-03-09 00:00:00.000,7279.00,1
22,9,ORD_22,2015-01-03 00:00:00.000,2015-01-10 00:00:00.000,2834.00,7
23,1,ORD_23,2015-04-14 00:00:00.000,2015-05-15 00:00:00.000,9076.00,4
24,3,ORD_24,2015-01-30 00:00:00.000,2015-06-03 00:00:00.000,3812.00,6
25,3,ORD_25,2015-04-18 00:00:00.000,2015-06-04 00:00:00.000,9202.00,5
26,1,ORD_26,2015-01-20 00:00:00.000,2015-05-12 00:00:00.000,3010.00,2
27,4,ORD_27,2015-06-18 00:00:00.000,2015-06-23 00:00:00.000,9798.00,4
28,2,ORD_28,2015-03-19 00:00:00.000,2015-04-29 00:00:00.000,3466.00,1
29,4,ORD_29,2015-06-07 00:00:00.000,2015-06-29 00:00:00.000,4353.00,5
30,10,ORD_30,2015-06-27 00:00:00.000,2015-06-29 00:00:00.000,5104.00,7
31,8,ORD_31,2015-05-22 00:00:00.000,2015-06-08 00:00:00.000,8696.00,6
32,5,ORD_32,2015-04-17 00:00:00.000,2015-04-30 00:00:00.000,7841.00,7
33,8,ORD_33,2015-01-25 00:00:00.000,2015-04-15 00:00:00.000,9337.00,2
34,2,ORD_34,2015-03-09 00:00:00.000,2015-05-01 00:00:00.000,2032.00,1
35,3,ORD_35,2015-06-12 00:00:00.000,2015-06-26 00:00:00.000,2521.00,6
36,4,ORD_36,2015-04-29 00:00:00.000,2015-05-07 00:00:00.000,5124.00,2
37,8,ORD_37,2015-02-22 00:00:00.000,2015-06-28 00:00:00.000,8459.00,2
38,3,ORD_38,2015-02-25 00:00:00.000,2015-04-13 00:00:00.000,9034.00,3
39,9,ORD_39,2015-04-23 00:00:00.000,2015-05-29 00:00:00.000,8726.00,7
40,6,ORD_40,2015-04-17 00:00:00.000,2015-04-23 00:00:00.000,1748.00,1
41,8,ORD_41,2015-01-26 00:00:00.000,2015-06-11 00:00:00.000,7524.00,1
42,3,ORD_42,2015-01-21 00:00:00.000,2015-05-31 00:00:00.000,9607.00,4
43,3,ORD_43,2015-05-07 00:00:00.000,2015-05-07 00:00:00.000,3365.00,6
44,1,ORD_44,2015-01-04 00:00:00.000,2015-05-23 00:00:00.000,2561.00,3
45,8,ORD_45,2015-05-21 00:00:00.000,2015-06-22 00:00:00.000,5906.00,7
46,5,ORD_46,2015-03-24 00:00:00.000,2015-06-02 00:00:00.000,2146.00,6
47,6,ORD_47,2015-03-04 00:00:00.000,2015-05-22 00:00:00.000,6827.00,6
48,10,ORD_48,2015-05-15 00:00:00.000,2015-05-31 00:00:00.000,7419.00,2
49,10,ORD_49,2015-02-12 00:00:00.000,2015-03-04 00:00:00.000,6735.00,4
50,809,ORD_50,2015-06-03 00:00:00.000,2015-06-25 00:00:00.000,40357.00,4
51,465,ORD_51,2015-01-16 00:00:00.000,2015-03-05 00:00:00.000,57190.00,5
52,679,ORD_52,2015-06-05 00:00:00.000,2015-06-05 00:00:00.000,21426.00,6
53,269,ORD_53,2015-03-12 00:00:00.000,2015-06-01 00:00:00.000,78505.00,1
54,152,ORD_54,2015-05-13 00:00:00.000,2015-05-24 00:00:00.000,85547.00,4
55,665,ORD_55,2015-02-17 00:00:00.000,2015-03-14 00:00:00.000,26592.00,7
56,216,ORD_56,2015-04-30 00:00:00.000,2015-05-02 00:00:00.000,70742.00,5
57,915,ORD_57,2015-04-17 00:00:00.000,2015-06-05 00:00:00.000,84896.00,5
58,687,ORD_58,2015-05-24 00:00:00.000,2015-05-25 00:00:00.000,82096.00,5
59,97,ORD_59,2015-04-17 00:00:00.000,2015-06-28 00:00:00.000,51484.00,7
60,753,ORD_60,2015-06-03 00:00:00.000,2015-06-12 00:00:00.000,60732.00,7
61,560,ORD_61,2015-01-05 00:00:00.000,2015-05-13 00:00:00.000,50367.00,6
62,884,ORD_62,2015-01-22 00:00:00.000,2015-04-22 00:00:00.000,92884.00,1
63,829,ORD_63,2015-04-07 00:00:00.000,2015-06-24 00:00:00.000,80068.00,1
64,230,ORD_64,2015-03-12 00:00:00.000,2015-05-08 00:00:00.000,17726.00,1
65,373,ORD_65,2015-01-24 00:00:00.000,2015-03-20 00:00:00.000,64315.00,6
66,84,ORD_66,2015-03-16 00:00:00.000,2015-06-29 00:00:00.000,86811.00,7
67,543,ORD_67,2015-05-11 00:00:00.000,2015-05-11 00:00:00.000,86285.00,6
68,686,ORD_68,2015-04-30 00:00:00.000,2015-06-12 00:00:00.000,49777.00,6
69,758,ORD_69,2015-04-17 00:00:00.000,2015-04-21 00:00:00.000,83079.00,4
70,664,ORD_70,2015-04-18 00:00:00.000,2015-06-18 00:00:00.000,30988.00,3
71,7,ORD_71,2015-01-10 00:00:00.000,2015-02-25 00:00:00.000,2052.00,1
72,16,ORD_72,2015-03-02 00:00:00.000,2015-05-31 00:00:00.000,75557.00,5
73,820,ORD_73,2015-01-25 00:00:00.000,2015-02-02 00:00:00.000,35701.00,1
74,51,ORD_74,2015-05-15 00:00:00.000,2015-06-04 00:00:00.000,22595.00,6
75,981,ORD_75,2015-03-31 00:00:00.000,2015-04-19 00:00:00.000,22345.00,7
76,97,ORD_76,2015-03-28 00:00:00.000,2015-06-27 00:00:00.000,78954.00,6
77,386,ORD_77,2015-05-26 00:00:00.000,2015-05-30 00:00:00.000,97214.00,1
78,906,ORD_78,2015-01-13 00:00:00.000,2015-03-01 00:00:00.000,97787.00,3
79,455,ORD_79,2015-04-22 00:00:00.000,2015-06-19 00:00:00.000,31053.00,2
80,128,ORD_80,2015-03-16 00:00:00.000,2015-03-28 00:00:00.000,2469.00,2
81,457,ORD_81,2015-03-19 00:00:00.000,2015-06-14 00:00:00.000,54396.00,7
82,32,ORD_82,2015-04-25 00:00:00.000,2015-05-14 00:00:00.000,92532.00,1
83,499,ORD_83,2015-02-08 00:00:00.000,2015-04-12 00:00:00.000,3532.00,4
84,816,ORD_84,2015-04-26 00:00:00.000,2015-05-11 00:00:00.000,86180.00,2
85,98,ORD_85,2015-04-01 00:00:00.000,2015-04-26 00:00:00.000,82045.00,2
86,862,ORD_86,2015-01-07 00:00:00.000,2015-05-14 00:00:00.000,72792.00,2
87,452,ORD_87,2015-04-01 00:00:00.000,2015-04-20 00:00:00.000,96114.00,1
88,974,ORD_88,2015-04-20 00:00:00.000,2015-05-16 00:00:00.000,26732.00,7
89,377,ORD_89,2015-01-23 00:00:00.000,2015-06-28 00:00:00.000,42415.00,1
90,570,ORD_90,2015-01-11 00:00:00.000,2015-02-03 00:00:00.000,95139.00,2
91,481,ORD_91,2015-01-05 00:00:00.000,2015-01-24 00:00:00.000,68180.00,4
92,177,ORD_92,2015-06-28 00:00:00.000,2015-06-30 00:00:00.000,4338.00,5
93,30,ORD_93,2015-04-02 00:00:00.000,2015-06-19 00:00:00.000,73707.00,5
94,511,ORD_94,2015-06-05 00:00:00.000,2015-06-21 00:00:00.000,18459.00,4
95,667,ORD_95,2015-01-21 00:00:00.000,2015-06-21 00:00:00.000,97437.00,2
96,791,ORD_96,2015-01-30 00:00:00.000,2015-06-06 00:00:00.000,85564.00,3
97,727,ORD_97,2015-03-21 00:00:00.000,2015-06-09 00:00:00.000,24834.00,5
98,197,ORD_98,2015-04-08 00:00:00.000,2015-04-14 00:00:00.000,31707.00,6
99,371,ORD_99,2015-05-22 00:00:00.000,2015-06-10 00:00:00.000,2095.00,5
100,259,ORD_100,2015-06-20 00:00:00.000,2015-06-24 00:00:00.000,91147.00,4
101,362,ORD_101,2015-02-19 00:00:00.000,2015-03-02 00:00:00.000,99855.00,2
102,721,ORD_102,2015-01-23 00:00:00.000,2015-06-19 00:00:00.000,22805.00,6
103,318,ORD_103,2015-02-17 00:00:00.000,2015-05-16 00:00:00.000,89775.00,6
104,452,ORD_104,2015-05-27 00:00:00.000,2015-06-16 00:00:00.000,1726.00,6
105,898,ORD_105,2015-01-04 00:00:00.000,2015-06-10 00:00:00.000,37967.00,3
106,346,ORD_106,2015-05-27 00:00:00.000,2015-06-21 00:00:00.000,83333.00,2
107,21,ORD_107,2015-02-26 00:00:00.000,2015-06-29 00:00:00.000,49478.00,3
108,1010,ORD_108,2015-05-09 00:00:00.000,2015-05-21 00:00:00.000,99482.00,1
109,482,ORD_109,2015-05-25 00:00:00.000,2015-06-28 00:00:00.000,4718.00,2
110,136,ORD_110,2015-05-12 00:00:00.000,2015-05-13 00:00:00.000,23769.00,1
111,564,ORD_111,2015-05-10 00:00:00.000,2015-06-25 00:00:00.000,44419.00,1
112,56,ORD_112,2015-03-03 00:00:00.000,2015-03-09 00:00:00.000,10036.00,1
113,13,ORD_113,2015-04-10 00:00:00.000,2015-04-30 00:00:00.000,16304.00,2
114,284,ORD_114,2015-01-27 00:00:00.000,2015-04-29 00:00:00.000,16310.00,5
115,200,ORD_115,2015-03-18 00:00:00.000,2015-04-10 00:00:00.000,27498.00,4
116,113,ORD_116,2015-03-25 00:00:00.000,2015-05-24 00:00:00.000,52439.00,7
117,125,ORD_117,2015-01-03 00:00:00.000,2015-06-19 00:00:00.000,66703.00,4
118,510,ORD_118,2015-03-30 00:00:00.000,2015-05-10 00:00:00.000,22406.00,5
119,746,ORD_119,2015-02-19 00:00:00.000,2015-03-29 00:00:00.000,11948.00,3
120,303,ORD_120,2015-05-09 00:00:00.000,2015-05-26 00:00:00.000,73706.00,2
121,801,ORD_121,2015-01-02 00:00:00.000,2015-05-01 00:00:00.000,5292.00,5
122,595,ORD_122,2015-06-21 00:00:00.000,2015-06-22 00:00:00.000,75495.00,7
123,738,ORD_123,2015-04-04 00:00:00.000,2015-05-05 00:00:00.000,85442.00,6
124,937,ORD_124,2015-06-20 00:00:00.000,2015-06-24 00:00:00.000,40507.00,1
125,801,ORD_125,2015-02-01 00:00:00.000,2015-03-24 00:00:00.000,99654.00,7
126,78,ORD_126,2015-01-16 00:00:00.000,2015-02-24 00:00:00.000,24523.00,4
127,137,ORD_127,2015-01-12 00:00:00.000,2015-02-14 00:00:00.000,48660.00,1
128,715,ORD_128,2015-01-17 00:00:00.000,2015-01-30 00:00:00.000,5988.00,7
129,818,ORD_129,2015-06-29 00:00:00.000,2015-06-30 00:00:00.000,93707.00,7
130,837,ORD_130,2015-06-22 00:00:00.000,2015-06-24 00:00:00.000,66373.00,7
131,232,ORD_131,2015-02-06 00:00:00.000,2015-05-11 00:00:00.000,16497.00,7
132,27,ORD_132,2015-02-01 00:00:00.000,2015-05-14 00:00:00.000,93169.00,7
133,401,ORD_133,2015-03-02 00:00:00.000,2015-05-18 00:00:00.000,24514.00,3
134,776,ORD_134,2015-03-13 00:00:00.000,2015-05-27 00:00:00.000,1574.00,1
135,115,ORD_135,2015-02-04 00:00:00.000,2015-03-18 00:00:00.000,52599.00,7
136,662,ORD_136,2015-06-14 00:00:00.000,2015-06-15 00:00:00.000,84375.00,2
137,305,ORD_137,2015-02-22 00:00:00.000,2015-05-08 00:00:00.000,39462.00,5
138,380,ORD_138,2015-05-12 00:00:00.000,2015-06-01 00:00:00.000,62706.00,5
139,161,ORD_139,2015-04-23 00:00:00.000,2015-06-02 00:00:00.000,71204.00,4
140,100,ORD_140,2015-05-12 00:00:00.000,2015-05-29 00:00:00.000,31140.00,4
141,987,ORD_141,2015-06-01 00:00:00.000,2015-06-04 00:00:00.000,81734.00,5
142,175,ORD_142,2015-03-21 00:00:00.000,2015-05-17 00:00:00.000,93957.00,2
143,693,ORD_143,2015-03-18 00:00:00.000,2015-06-23 00:00:00.000,4909.00,1
144,239,ORD_144,2015-06-18 00:00:00.000,2015-06-26 00:00:00.000,75875.00,7
145,945,ORD_145,2015-06-28 00:00:00.000,2015-06-29 00:00:00.000,30923.00,6
146,643,ORD_146,2015-05-19 00:00:00.000,2015-06-26 00:00:00.000,1977.00,7
147,832,ORD_147,2015-04-07 00:00:00.000,2015-06-21 00:00:00.000,97526.00,3
148,609,ORD_148,2015-03-15 00:00:00.000,2015-04-12 00:00:00.000,99845.00,2
149,870,ORD_149,2015-03-07 00:00:00.000,2015-04-12 00:00:00.000,67865.00,2
150,122,ORD_150,2015-04-19 00:00:00.000,2015-04-28 00:00:00.000,52596.00,1
151,819,ORD_151,2015-04-21 00:00:00.000,2015-05-19 00:00:00.000,32401.00,4
152,3,ORD_152,2015-06-30 00:00:00.000,2015-06-30 00:00:00.000,96557.00,1
153,757,ORD_153,2015-03-23 00:00:00.000,2015-04-27 00:00:00.000,38015.00,7
154,1008,ORD_154,2015-06-15 00:00:00.000,2015-06-17 00:00:00.000,91776.00,7
155,330,ORD_155,2015-01-02 00:00:00.000,2015-05-12 00:00:00.000,81282.00,3
156,638,ORD_156,2015-04-09 00:00:00.000,2015-06-23 00:00:00.000,25971.00,4
157,168,ORD_157,2015-05-09 00:00:00.000,2015-05-16 00:00:00.000,24081.00,3
158,47,ORD_158,2015-03-21 00:00:00.000,2015-05-02 00:00:00.000,47842.00,5
159,764,ORD_159,2015-03-29 00:00:00.000,2015-05-28 00:00:00.000,24037.00,4
160,79,ORD_160,2015-03-09 00:00:00.000,2015-05-19 00:00:00.000,4711.00,1
161,797,ORD_161,2015-02-06 00:00:00.000,2015-03-07 00:00:00.000,8327.00,6
162,454,ORD_162,2015-01-06 00:00:00.000,2015-06-04 00:00:00.000,5374.00,7
163,129,ORD_163,2015-02-08 00:00:00.000,2015-06-10 00:00:00.000,67724.00,6
164,359,ORD_164,2015-01-17 00:00:00.000,2015-01-20 00:00:00.000,61668.00,6
165,528,ORD_165,2015-06-08 00:00:00.000,2015-06-27 00:00:00.000,37447.00,1
166,78,ORD_166,2015-01-23 00:00:00.000,2015-05-29 00:00:00.000,56234.00,7
167,391,ORD_167,2015-06-27 00:00:00.000,2015-06-30 00:00:00.000,93633.00,4
168,505,ORD_168,2015-02-06 00:00:00.000,2015-04-05 00:00:00.000,98739.00,1
169,187,ORD_169,2015-03-29 00:00:00.000,2015-05-28 00:00:00.000,78071.00,3
170,64,ORD_170,2015-01-02 00:00:00.000,2015-03-08 00:00:00.000,10947.00,1
171,90,ORD_171,2015-04-20 00:00:00.000,2015-06-09 00:00:00.000,71345.00,7
172,405,ORD_172,2015-05-12 00:00:00.000,2015-06-27 00:00:00.000,21431.00,6
173,698,ORD_173,2015-03-27 00:00:00.000,2015-04-18 00:00:00.000,51383.00,5
174,777,ORD_174,2015-04-24 00:00:00.000,2015-05-05 00:00:00.000,48824.00,3
175,817,ORD_175,2015-02-08 00:00:00.000,2015-05-21 00:00:00.000,1855.00,7
176,483,ORD_176,2015-06-15 00:00:00.000,2015-06-22 00:00:00.000,22636.00,3
177,766,ORD_177,2015-02-17 00:00:00.000,2015-06-25 00:00:00.000,13996.00,6
178,90,ORD_178,2015-06-30 00:00:00.000,2015-06-30 00:00:00.000,44947.00,3
179,591,ORD_179,2015-03-05 00:00:00.000,2015-06-30 00:00:00.000,79403.00,6
180,591,ORD_180,2015-04-29 00:00:00.000,2015-05-27 00:00:00.000,21222.00,5
181,1018,ORD_181,2015-01-27 00:00:00.000,2015-03-13 00:00:00.000,15546.00,1
182,120,ORD_182,2015-01-04 00:00:00.000,2015-02-06 00:00:00.000,45884.00,5
183,294,ORD_183,2015-05-12 00:00:00.000,2015-05-27 00:00:00.000,90387.00,1
184,954,ORD_184,2015-02-15 00:00:00.000,2015-05-12 00:00:00.000,90732.00,4
185,378,ORD_185,2015-04-03 00:00:00.000,2015-05-01 00:00:00.000,46910.00,3
186,562,ORD_186,2015-06-02 00:00:00.000,2015-06-22 00:00:00.000,9602.00,6
187,86,ORD_187,2015-04-03 00:00:00.000,2015-06-20 00:00:00.000,44944.00,2
188,840,ORD_188,2015-02-12 00:00:00.000,2015-05-17 00:00:00.000,25743.00,2
189,747,ORD_189,2015-04-17 00:00:00.000,2015-05-04 00:00:00.000,68943.00,6
190,381,ORD_190,2015-03-01 00:00:00.000,2015-05-25 00:00:00.000,46139.00,1
191,66,ORD_191,2015-06-30 00:00:00.000,2015-06-30 00:00:00.000,10617.00,5
192,83,ORD_192,2015-02-28 00:00:00.000,2015-05-05 00:00:00.000,64423.00,2
193,123,ORD_193,2015-06-27 00:00:00.000,2015-06-27 00:00:00.000,11581.00,5
194,793,ORD_194,2015-01-29 00:00:00.000,2015-05-28 00:00:00.000,44153.00,6
195,598,ORD_195,2015-04-11 00:00:00.000,2015-05-21 00:00:00.000,98990.00,1
196,988,ORD_196,2015-06-07 00:00:00.000,2015-06-20 00:00:00.000,45608.00,3
197,862,ORD_197,2015-05-27 00:00:00.000,2015-06-13 00:00:00.000,3784.00,7
198,464,ORD_198,2015-04-08 00:00:00.000,2015-05-24 00:00:00.000,63708.00,2
199,233,ORD_199,2015-02-03 00:00:00.000,2015-04-01 00:00:00.000,79657.00,3
200,654,ORD_200,2015-04-11 00:00:00.000,2015-06-15 00:00:00.000,42883.00,2
201,469,ORD_201,2015-06-04 00:00:00.000,2015-06-26 00:00:00.000,38985.00,3
202,687,ORD_202,2015-04-16 00:00:00.000,2015-05-28 00:00:00.000,67807.00,4
203,357,ORD_203,2015-05-19 00:00:00.000,2015-05-29 00:00:00.000,58291.00,2
204,637,ORD_204,2015-06-29 00:00:00.000,2015-06-30 00:00:00.000,21824.00,5
205,224,ORD_205,2015-05-09 00:00:00.000,2015-06-26 00:00:00.000,32719.00,7
206,772,ORD_206,2015-01-16 00:00:00.000,2015-02-25 00:00:00.000,96104.00,7
207,305,ORD_207,2015-06-03 00:00:00.000,2015-06-03 00:00:00.000,54569.00,6
208,591,ORD_208,2015-03-30 00:00:00.000,2015-04-07 00:00:00.000,22863.00,5
209,336,ORD_209,2015-03-29 00:00:00.000,2015-04-26 00:00:00.000,66898.00,6
210,323,ORD_210,2015-03-31 00:00:00.000,2015-05-13 00:00:00.000,40131.00,7
211,266,ORD_211,2015-02-10 00:00:00.000,2015-02-10 00:00:00.000,23355.00,3
212,245,ORD_212,2015-03-27 00:00:00.000,2015-06-24 00:00:00.000,14549.00,1
213,381,ORD_213,2015-05-29 00:00:00.000,2015-06-11 00:00:00.000,29194.00,7
214,918,ORD_214,2015-06-05 00:00:00.000,2015-06-15 00:00:00.000,39002.00,5
215,75,ORD_215,2015-05-30 00:00:00.000,2015-06-27 00:00:00.000,46226.00,2
216,980,ORD_216,2015-03-01 00:00:00.000,2015-05-15 00:00:00.000,92243.00,7
217,957,ORD_217,2015-05-05 00:00:00.000,2015-06-21 00:00:00.000,96774.00,4
218,277,ORD_218,2015-03-23 00:00:00.000,2015-05-19 00:00:00.000,31377.00,7
219,195,ORD_219,2015-05-13 00:00:00.000,2015-06-30 00:00:00.000,14090.00,1
220,990,ORD_220,2015-04-23 00:00:00.000,2015-06-21 00:00:00.000,31312.00,4
221,74,ORD_221,2015-03-11 00:00:00.000,2015-05-06 00:00:00.000,3913.00,7
222,636,ORD_222,2015-05-12 00:00:00.000,2015-06-07 00:00:00.000,67325.00,5
223,453,ORD_223,2015-04-27 00:00:00.000,2015-06-24 00:00:00.000,85225.00,5
224,481,ORD_224,2015-01-07 00:00:00.000,2015-02-26 00:00:00.000,70840.00,6
225,592,ORD_225,2015-04-28 00:00:00.000,2015-06-17 00:00:00.000,47515.00,5
226,820,ORD_226,2015-04-22 00:00:00.000,2015-05-10 00:00:00.000,66767.00,3
227,303,ORD_227,2015-06-19 00:00:00.000,2015-06-30 00:00:00.000,15111.00,4
228,692,ORD_228,2015-04-29 00:00:00.000,2015-06-20 00:00:00.000,70423.00,6
229,744,ORD_229,2015-03-16 00:00:00.000,2015-06-04 00:00:00.000,77098.00,3
230,749,ORD_230,2015-04-11 00:00:00.000,2015-05-19 00:00:00.000,90698.00,7
231,318,ORD_231,2015-04-21 00:00:00.000,2015-04-25 00:00:00.000,76731.00,7
232,204,ORD_232,2015-03-13 00:00:00.000,2015-06-24 00:00:00.000,58755.00,3
233,133,ORD_233,2015-06-11 00:00:00.000,2015-06-12 00:00:00.000,91814.00,1
234,464,ORD_234,2015-03-13 00:00:00.000,2015-05-27 00:00:00.000,24668.00,6
235,384,ORD_235,2015-01-11 00:00:00.000,2015-04-14 00:00:00.000,16526.00,1
236,744,ORD_236,2015-06-27 00:00:00.000,2015-06-29 00:00:00.000,88764.00,2
237,951,ORD_237,2015-01-17 00:00:00.000,2015-01-19 00:00:00.000,47110.00,1
238,999,ORD_238,2015-03-10 00:00:00.000,2015-06-14 00:00:00.000,93993.00,3
239,245,ORD_239,2015-04-11 00:00:00.000,2015-06-04 00:00:00.000,7968.00,1
240,234,ORD_240,2015-04-29 00:00:00.000,2015-05-25 00:00:00.000,93499.00,6
241,95,ORD_241,2015-03-02 00:00:00.000,2015-06-16 00:00:00.000,19321.00,5
242,562,ORD_242,2015-01-18 00:00:00.000,2015-06-30 00:00:00.000,38663.00,3
243,147,ORD_243,2015-02-16 00:00:00.000,2015-03-22 00:00:00.000,94993.00,2
244,747,ORD_244,2015-05-26 00:00:00.000,2015-06-13 00:00:00.000,88317.00,3
245,672,ORD_245,2015-01-29 00:00:00.000,2015-03-17 00:00:00.000,60206.00,5
246,51,ORD_246,2015-05-02 00:00:00.000,2015-05-10 00:00:00.000,17620.00,5
247,131,ORD_247,2015-01-08 00:00:00.000,2015-02-18 00:00:00.000,62120.00,6
248,961,ORD_248,2015-03-04 00:00:00.000,2015-03-20 00:00:00.000,23287.00,1
249,71,ORD_249,2015-02-19 00:00:00.000,2015-03-13 00:00:00.000,70872.00,1
250,25,ORD_250,2015-06-26 00:00:00.000,2015-06-29 00:00:00.000,90240.00,4
251,749,ORD_251,2015-01-13 00:00:00.000,2015-02-28 00:00:00.000,8239.00,3
252,109,ORD_252,2015-06-13 00:00:00.000,2015-06-14 00:00:00.000,4622.00,7
253,954,ORD_253,2015-05-19 00:00:00.000,2015-06-16 00:00:00.000,3044.00,1
254,92,ORD_254,2015-04-17 00:00:00.000,2015-05-21 00:00:00.000,3606.00,6
255,215,ORD_255,2015-04-06 00:00:00.000,2015-05-07 00:00:00.000,55646.00,1
256,224,ORD_256,2015-01-21 00:00:00.000,2015-03-08 00:00:00.000,16048.00,7
257,973,ORD_257,2015-05-22 00:00:00.000,2015-06-10 00:00:00.000,80861.00,2
258,313,ORD_258,2015-06-07 00:00:00.000,2015-06-19 00:00:00.000,73926.00,6
259,181,ORD_259,2015-06-17 00:00:00.000,2015-06-28 00:00:00.000,52588.00,4
260,4,ORD_260,2015-05-14 00:00:00.000,2015-05-23 00:00:00.000,5962.00,2
261,219,ORD_261,2015-01-01 00:00:00.000,2015-04-05 00:00:00.000,52823.00,4
262,924,ORD_262,2015-05-18 00:00:00.000,2015-05-28 00:00:00.000,89570.00,5
263,886,ORD_263,2015-02-16 00:00:00.000,2015-04-02 00:00:00.000,30222.00,7
264,917,ORD_264,2015-06-23 00:00:00.000,2015-06-27 00:00:00.000,92700.00,6
265,937,ORD_265,2015-02-15 00:00:00.000,2015-02-24 00:00:00.000,63944.00,5
266,208,ORD_266,2015-05-14 00:00:00.000,2015-06-06 00:00:00.000,89898.00,5
267,578,ORD_267,2015-05-20 00:00:00.000,2015-06-26 00:00:00.000,99104.00,3
268,457,ORD_268,2015-04-27 00:00:00.000,2015-06-13 00:00:00.000,86317.00,5
269,619,ORD_269,2015-04-29 00:00:00.000,2015-05-15 00:00:00.000,99645.00,5
270,460,ORD_270,2015-01-09 00:00:00.000,2015-03-09 00:00:00.000,62547.00,5
271,733,ORD_271,2015-03-09 00:00:00.000,2015-05-15 00:00:00.000,61511.00,5
272,277,ORD_272,2015-04-07 00:00:00.000,2015-06-09 00:00:00.000,71123.00,2
273,825,ORD_273,2015-06-04 00:00:00.000,2015-06-23 00:00:00.000,53113.00,4
274,601,ORD_274,2015-05-18 00:00:00.000,2015-06-11 00:00:00.000,15185.00,4
275,746,ORD_275,2015-03-09 00:00:00.000,2015-03-26 00:00:00.000,22326.00,5
276,677,ORD_276,2015-04-08 00:00:00.000,2015-06-26 00:00:00.000,53965.00,5
277,245,ORD_277,2015-04-15 00:00:00.000,2015-05-31 00:00:00.000,68488.00,4
278,487,ORD_278,2015-06-04 00:00:00.000,2015-06-21 00:00:00.000,32511.00,4
279,830,ORD_279,2015-05-31 00:00:00.000,2015-06-08 00:00:00.000,61350.00,3
280,377,ORD_280,2015-05-31 00:00:00.000,2015-06-04 00:00:00.000,40722.00,4
281,901,ORD_281,2015-03-29 00:00:00.000,2015-05-03 00:00:00.000,45682.00,2
282,349,ORD_282,2015-03-07 00:00:00.000,2015-04-02 00:00:00.000,55089.00,2
283,286,ORD_283,2015-03-24 00:00:00.000,2015-04-09 00:00:00.000,54096.00,3
284,530,ORD_284,2015-04-15 00:00:00.000,2015-06-10 00:00:00.000,97400.00,6
285,708,ORD_285,2015-04-28 00:00:00.000,2015-06-23 00:00:00.000,56160.00,6
286,134,ORD_286,2015-02-18 00:00:00.000,2015-02-25 00:00:00.000,38949.00,4
287,371,ORD_287,2015-06-01 00:00:00.000,2015-06-13 00:00:00.000,58379.00,4
288,887,ORD_288,2015-06-17 00:00:00.000,2015-06-30 00:00:00.000,16846.00,2
289,137,ORD_289,2015-06-16 00:00:00.000,2015-06-28 00:00:00.000,25927.00,3
290,39,ORD_290,2015-06-23 00:00:00.000,2015-06-30 00:00:00.000,84730.00,4
291,412,ORD_291,2015-06-16 00:00:00.000,2015-06-27 00:00:00.000,64315.00,3
292,376,ORD_292,2015-04-12 00:00:00.000,2015-06-21 00:00:00.000,81490.00,2
293,358,ORD_293,2015-01-30 00:00:00.000,2015-02-23 00:00:00.000,59555.00,2
294,521,ORD_294,2015-04-01 00:00:00.000,2015-05-02 00:00:00.000,75345.00,2
295,550,ORD_295,2015-04-07 00:00:00.000,2015-05-02 00:00:00.000,28583.00,3
296,158,ORD_296,2015-03-31 00:00:00.000,2015-04-17 00:00:00.000,79239.00,7
297,413,ORD_297,2015-03-24 00:00:00.000,2015-06-28 00:00:00.000,42372.00,6
298,752,ORD_298,2015-04-14 00:00:00.000,2015-04-25 00:00:00.000,70075.00,5
299,877,ORD_299,2015-03-21 00:00:00.000,2015-05-09 00:00:00.000,59065.00,4
300,391,ORD_300,2015-03-06 00:00:00.000,2015-05-25 00:00:00.000,49482.00,1
301,213,ORD_301,2015-05-23 00:00:00.000,2015-06-09 00:00:00.000,68270.00,4
302,475,ORD_302,2015-05-16 00:00:00.000,2015-06-21 00:00:00.000,28585.00,3
303,605,ORD_303,2015-05-15 00:00:00.000,2015-06-08 00:00:00.000,14823.00,2
304,253,ORD_304,2015-04-05 00:00:00.000,2015-05-13 00:00:00.000,74123.00,7
305,548,ORD_305,2015-06-29 00:00:00.000,2015-06-30 00:00:00.000,89792.00,2
306,399,ORD_306,2015-01-27 00:00:00.000,2015-05-25 00:00:00.000,89487.00,7
307,283,ORD_307,2015-05-01 00:00:00.000,2015-05-28 00:00:00.000,9724.00,2
308,138,ORD_308,2015-06-21 00:00:00.000,2015-06-29 00:00:00.000,15032.00,1
309,621,ORD_309,2015-03-15 00:00:00.000,2015-04-03 00:00:00.000,17051.00,3
310,710,ORD_310,2015-03-08 00:00:00.000,2015-05-31 00:00:00.000,94568.00,4
311,500,ORD_311,2015-05-17 00:00:00.000,2015-06-10 00:00:00.000,81486.00,1
312,545,ORD_312,2015-01-21 00:00:00.000,2015-04-25 00:00:00.000,85050.00,5
313,373,ORD_313,2015-04-08 00:00:00.000,2015-05-29 00:00:00.000,89361.00,5
314,157,ORD_314,2015-02-13 00:00:00.000,2015-05-03 00:00:00.000,75974.00,6
315,851,ORD_315,2015-02-08 00:00:00.000,2015-06-14 00:00:00.000,11981.00,3
316,488,ORD_316,2015-01-09 00:00:00.000,2015-01-09 00:00:00.000,32963.00,5
317,531,ORD_317,2015-03-19 00:00:00.000,2015-05-17 00:00:00.000,26608.00,3
318,474,ORD_318,2015-05-24 00:00:00.000,2015-06-01 00:00:00.000,51571.00,6
319,507,ORD_319,2015-04-30 00:00:00.000,2015-05-18 00:00:00.000,28016.00,7
320,717,ORD_320,2015-01-26 00:00:00.000,2015-02-02 00:00:00.000,51368.00,1
321,303,ORD_321,2015-06-10 00:00:00.000,2015-06-10 00:00:00.000,89932.00,7
322,227,ORD_322,2015-01-28 00:00:00.000,2015-05-29 00:00:00.000,68423.00,1
323,1017,ORD_323,2015-05-25 00:00:00.000,2015-06-04 00:00:00.000,23454.00,7
324,238,ORD_324,2015-03-02 00:00:00.000,2015-04-03 00:00:00.000,5500.00,3
325,224,ORD_325,2015-06-14 00:00:00.000,2015-06-18 00:00:00.000,8152.00,2
326,611,ORD_326,2015-06-28 00:00:00.000,2015-06-28 00:00:00.000,24391.00,1
327,349,ORD_327,2015-02-10 00:00:00.000,2015-05-30 00:00:00.000,2395.00,7
328,85,ORD_328,2015-06-08 00:00:00.000,2015-06-20 00:00:00.000,89231.00,4
329,322,ORD_329,2015-01-06 00:00:00.000,2015-06-02 00:00:00.000,62965.00,3
330,514,ORD_330,2015-04-19 00:00:00.000,2015-04-20 00:00:00.000,55808.00,2
331,897,ORD_331,2015-03-30 00:00:00.000,2015-05-17 00:00:00.000,59683.00,6
332,502,ORD_332,2015-05-30 00:00:00.000,2015-06-29 00:00:00.000,42146.00,6
333,919,ORD_333,2015-06-14 00:00:00.000,2015-06-24 00:00:00.000,32369.00,5
334,782,ORD_334,2015-05-14 00:00:00.000,2015-06-06 00:00:00.000,49094.00,2
335,797,ORD_335,2015-02-19 00:00:00.000,2015-02-26 00:00:00.000,74561.00,4
336,114,ORD_336,2015-05-29 00:00:00.000,2015-06-03 00:00:00.000,25942.00,5
337,338,ORD_337,2015-06-17 00:00:00.000,2015-06-22 00:00:00.000,31157.00,4
338,430,ORD_338,2015-06-26 00:00:00.000,2015-06-26 00:00:00.000,65912.00,7
339,926,ORD_339,2015-01-29 00:00:00.000,2015-04-05 00:00:00.000,87203.00,7
340,613,ORD_340,2015-06-28 00:00:00.000,2015-06-30 00:00:00.000,46076.00,1
341,708,ORD_341,2015-02-09 00:00:00.000,2015-05-18 00:00:00.000,43623.00,4
342,441,ORD_342,2015-06-04 00:00:00.000,2015-06-06 00:00:00.000,99995.00,3
343,29,ORD_343,2015-05-24 00:00:00.000,2015-06-15 00:00:00.000,8883.00,7
344,825,ORD_344,2015-03-14 00:00:00.000,2015-06-03 00:00:00.000,42500.00,4
345,815,ORD_345,2015-01-02 00:00:00.000,2015-05-09 00:00:00.000,33207.00,6
346,510,ORD_346,2015-06-11 00:00:00.000,2015-06-23 00:00:00.000,66517.00,1
347,689,ORD_347,2015-05-19 00:00:00.000,2015-05-31 00:00:00.000,64203.00,1
348,184,ORD_348,2015-03-20 00:00:00.000,2015-06-14 00:00:00.000,83923.00,4
349,319,ORD_349,2015-04-19 00:00:00.000,2015-06-05 00:00:00.000,65075.00,7
350,376,ORD_350,2015-06-21 00:00:00.000,2015-06-24 00:00:00.000,86836.00,6
351,460,ORD_351,2015-02-08 00:00:00.000,2015-05-16 00:00:00.000,11025.00,4
352,994,ORD_352,2015-04-02 00:00:00.000,2015-06-24 00:00:00.000,98498.00,1
353,374,ORD_353,2015-02-05 00:00:00.000,2015-03-27 00:00:00.000,92347.00,1
354,848,ORD_354,2015-02-11 00:00:00.000,2015-05-17 00:00:00.000,67674.00,3
355,373,ORD_355,2015-03-31 00:00:00.000,2015-06-20 00:00:00.000,14585.00,5
356,494,ORD_356,2015-01-15 00:00:00.000,2015-06-13 00:00:00.000,39506.00,5
357,113,ORD_357,2015-04-13 00:00:00.000,2015-06-09 00:00:00.000,2845.00,2
358,509,ORD_358,2015-05-29 00:00:00.000,2015-06-29 00:00:00.000,32350.00,4
359,492,ORD_359,2015-06-16 00:00:00.000,2015-06-28 00:00:00.000,18298.00,1
360,675,ORD_360,2015-05-14 00:00:00.000,2015-05-30 00:00:00.000,71161.00,5
361,897,ORD_361,2015-05-20 00:00:00.000,2015-05-20 00:00:00.000,9544.00,6
362,827,ORD_362,2015-06-11 00:00:00.000,2015-06-12 00:00:00.000,49169.00,6
363,819,ORD_363,2015-02-13 00:00:00.000,2015-05-11 00:00:00.000,48953.00,5
364,417,ORD_364,2015-02-08 00:00:00.000,2015-05-20 00:00:00.000,90355.00,3
365,354,ORD_365,2015-06-02 00:00:00.000,2015-06-25 00:00:00.000,52951.00,6
366,305,ORD_366,2015-02-02 00:00:00.000,2015-04-03 00:00:00.000,53380.00,6
367,746,ORD_367,2015-01-13 00:00:00.000,2015-04-29 00:00:00.000,47135.00,5
368,720,ORD_368,2015-06-18 00:00:00.000,2015-06-18 00:00:00.000,23731.00,6
369,509,ORD_369,2015-06-13 00:00:00.000,2015-06-30 00:00:00.000,12165.00,2
370,593,ORD_370,2015-03-13 00:00:00.000,2015-05-30 00:00:00.000,44349.00,2
371,521,ORD_371,2015-03-07 00:00:00.000,2015-04-11 00:00:00.000,31455.00,4
372,201,ORD_372,2015-01-06 00:00:00.000,2015-05-27 00:00:00.000,39459.00,3
373,404,ORD_373,2015-03-24 00:00:00.000,2015-03-31 00:00:00.000,10006.00,5
374,800,ORD_374,2015-05-29 00:00:00.000,2015-06-20 00:00:00.000,4458.00,1
375,754,ORD_375,2015-06-16 00:00:00.000,2015-06-24 00:00:00.000,6232.00,5
376,723,ORD_376,2015-03-16 00:00:00.000,2015-06-08 00:00:00.000,27543.00,2
377,78,ORD_377,2015-06-27 00:00:00.000,2015-06-30 00:00:00.000,25011.00,1
378,981,ORD_378,2015-06-28 00:00:00.000,2015-06-30 00:00:00.000,31836.00,7
379,628,ORD_379,2015-04-21 00:00:00.000,2015-06-29 00:00:00.000,97000.00,3
380,677,ORD_380,2015-05-25 00:00:00.000,2015-06-12 00:00:00.000,64328.00,3
381,905,ORD_381,2015-02-15 00:00:00.000,2015-02-18 00:00:00.000,98569.00,2
382,945,ORD_382,2015-02-18 00:00:00.000,2015-06-23 00:00:00.000,90397.00,5
383,1001,ORD_383,2015-03-18 00:00:00.000,2015-03-26 00:00:00.000,72392.00,3
384,847,ORD_384,2015-02-20 00:00:00.000,2015-06-01 00:00:00.000,6092.00,1
385,17,ORD_385,2015-06-21 00:00:00.000,2015-06-21 00:00:00.000,58637.00,7
386,41,ORD_386,2015-01-19 00:00:00.000,2015-06-20 00:00:00.000,86192.00,5
387,987,ORD_387,2015-03-06 00:00:00.000,2015-04-26 00:00:00.000,72146.00,7
388,152,ORD_388,2015-04-18 00:00:00.000,2015-05-02 00:00:00.000,29268.00,2
389,456,ORD_389,2015-05-20 00:00:00.000,2015-05-20 00:00:00.000,3021.00,3
390,137,ORD_390,2015-05-21 00:00:00.000,2015-06-10 00:00:00.000,21898.00,7
391,357,ORD_391,2015-01-04 00:00:00.000,2015-05-05 00:00:00.000,85480.00,1
392,19,ORD_392,2015-04-16 00:00:00.000,2015-04-30 00:00:00.000,89261.00,3
393,62,ORD_393,2015-01-26 00:00:00.000,2015-05-27 00:00:00.000,74964.00,4
394,463,ORD_394,2015-06-23 00:00:00.000,2015-06-30 00:00:00.000,70290.00,3
395,50,ORD_395,2015-06-16 00:00:00.000,2015-06-21 00:00:00.000,21012.00,3
396,919,ORD_396,2015-02-17 00:00:00.000,2015-05-23 00:00:00.000,51034.00,5
397,665,ORD_397,2015-03-10 00:00:00.000,2015-04-20 00:00:00.000,16539.00,5
398,718,ORD_398,2015-04-16 00:00:00.000,2015-05-10 00:00:00.000,9538.00,3
399,1011,ORD_399,2015-06-01 00:00:00.000,2015-06-16 00:00:00.000,53350.00,3
400,449,ORD_400,2015-03-07 00:00:00.000,2015-04-29 00:00:00.000,42185.00,5
401,759,ORD_401,2015-04-20 00:00:00.000,2015-05-11 00:00:00.000,94621.00,6
402,185,ORD_402,2015-04-19 00:00:00.000,2015-05-11 00:00:00.000,75865.00,2
403,699,ORD_403,2015-03-03 00:00:00.000,2015-04-08 00:00:00.000,60959.00,4
404,734,ORD_404,2015-05-04 00:00:00.000,2015-06-24 00:00:00.000,12545.00,2
405,372,ORD_405,2015-05-07 00:00:00.000,2015-06-23 00:00:00.000,10668.00,6
406,821,ORD_406,2015-06-17 00:00:00.000,2015-06-24 00:00:00.000,37054.00,1
407,399,ORD_407,2015-02-14 00:00:00.000,2015-03-20 00:00:00.000,86231.00,5
408,427,ORD_408,2015-01-22 00:00:00.000,2015-01-22 00:00:00.000,33650.00,7
409,400,ORD_409,2015-04-04 00:00:00.000,2015-06-26 00:00:00.000,93886.00,1
410,82,ORD_410,2015-04-12 00:00:00.000,2015-06-13 00:00:00.000,99310.00,7
411,1000,ORD_411,2015-03-05 00:00:00.000,2015-04-20 00:00:00.000,82154.00,5
412,852,ORD_412,2015-02-10 00:00:00.000,2015-04-07 00:00:00.000,26369.00,7
413,81,ORD_413,2015-05-11 00:00:00.000,2015-06-11 00:00:00.000,84860.00,4
414,990,ORD_414,2015-04-20 00:00:00.000,2015-05-17 00:00:00.000,65516.00,5
415,34,ORD_415,2015-03-14 00:00:00.000,2015-06-24 00:00:00.000,73711.00,4
416,447,ORD_416,2015-02-27 00:00:00.000,2015-06-30 00:00:00.000,89750.00,2
417,198,ORD_417,2015-06-02 00:00:00.000,2015-06-28 00:00:00.000,76834.00,5
418,825,ORD_418,2015-05-29 00:00:00.000,2015-06-16 00:00:00.000,10887.00,4
419,41,ORD_419,2015-02-04 00:00:00.000,2015-04-13 00:00:00.000,64300.00,2
420,293,ORD_420,2015-02-05 00:00:00.000,2015-04-22 00:00:00.000,23144.00,5
421,759,ORD_421,2015-04-20 00:00:00.000,2015-05-27 00:00:00.000,45134.00,1
422,23,ORD_422,2015-02-06 00:00:00.000,2015-02-21 00:00:00.000,49085.00,5
423,9,ORD_423,2015-01-20 00:00:00.000,2015-05-23 00:00:00.000,34771.00,2
424,33,ORD_424,2015-06-21 00:00:00.000,2015-06-25 00:00:00.000,28973.00,4
425,635,ORD_425,2015-05-23 00:00:00.000,2015-06-07 00:00:00.000,99017.00,3
426,708,ORD_426,2015-03-10 00:00:00.000,2015-06-17 00:00:00.000,4315.00,6
427,436,ORD_427,2015-06-04 00:00:00.000,2015-06-09 00:00:00.000,87507.00,2
428,132,ORD_428,2015-04-21 00:00:00.000,2015-05-23 00:00:00.000,95362.00,1
429,998,ORD_429,2015-02-20 00:00:00.000,2015-05-07 00:00:00.000,47487.00,1
430,436,ORD_430,2015-02-11 00:00:00.000,2015-05-29 00:00:00.000,99981.00,5
431,438,ORD_431,2015-04-05 00:00:00.000,2015-06-17 00:00:00.000,75483.00,7
432,588,ORD_432,2015-04-22 00:00:00.000,2015-06-14 00:00:00.000,68797.00,1
433,698,ORD_433,2015-06-28 00:00:00.000,2015-06-30 00:00:00.000,75120.00,2
434,250,ORD_434,2015-03-15 00:00:00.000,2015-04-12 00:00:00.000,17365.00,6
435,953,ORD_435,2015-01-27 00:00:00.000,2015-05-11 00:00:00.000,31577.00,6
436,94,ORD_436,2015-05-26 00:00:00.000,2015-06-11 00:00:00.000,4877.00,7
437,13,ORD_437,2015-02-23 00:00:00.000,2015-04-21 00:00:00.000,23267.00,1
438,491,ORD_438,2015-02-02 00:00:00.000,2015-03-20 00:00:00.000,26789.00,5
439,893,ORD_439,2015-04-01 00:00:00.000,2015-06-30 00:00:00.000,13429.00,1
440,930,ORD_440,2015-05-12 00:00:00.000,2015-06-11 00:00:00.000,4150.00,5
441,693,ORD_441,2015-03-10 00:00:00.000,2015-05-31 00:00:00.000,82915.00,4
442,83,ORD_442,2015-03-21 00:00:00.000,2015-04-07 00:00:00.000,42976.00,2
443,761,ORD_443,2015-04-05 00:00:00.000,2015-05-28 00:00:00.000,13581.00,6
444,524,ORD_444,2015-02-26 00:00:00.000,2015-03-20 00:00:00.000,85477.00,1
445,55,ORD_445,2015-06-11 00:00:00.000,2015-06-29 00:00:00.000,40554.00,3
446,280,ORD_446,2015-01-17 00:00:00.000,2015-05-02 00:00:00.000,2848.00,1
447,871,ORD_447,2015-03-20 00:00:00.000,2015-05-25 00:00:00.000,83976.00,4
448,1004,ORD_448,2015-05-26 00:00:00.000,2015-06-10 00:00:00.000,54218.00,2
449,250,ORD_449,2015-04-14 00:00:00.000,2015-04-25 00:00:00.000,69440.00,7
450,529,ORD_450,2015-03-31 00:00:00.000,2015-05-21 00:00:00.000,94515.00,2
451,794,ORD_451,2015-02-18 00:00:00.000,2015-02-18 00:00:00.000,76991.00,5
452,155,ORD_452,2015-06-11 00:00:00.000,2015-06-17 00:00:00.000,73761.00,1
453,26,ORD_453,2015-06-16 00:00:00.000,2015-06-27 00:00:00.000,49050.00,1
454,184,ORD_454,2015-03-26 00:00:00.000,2015-06-25 00:00:00.000,28803.00,1
455,168,ORD_455,2015-01-13 00:00:00.000,2015-06-29 00:00:00.000,5812.00,2
456,524,ORD_456,2015-04-26 00:00:00.000,2015-05-11 00:00:00.000,6313.00,6
457,133,ORD_457,2015-02-21 00:00:00.000,2015-03-14 00:00:00.000,97331.00,4
458,5,ORD_458,2015-01-15 00:00:00.000,2015-02-05 00:00:00.000,82739.00,6
459,210,ORD_459,2015-01-31 00:00:00.000,2015-04-13 00:00:00.000,66230.00,1
460,438,ORD_460,2015-04-01 00:00:00.000,2015-04-29 00:00:00.000,84889.00,1
461,601,ORD_461,2015-05-22 00:00:00.000,2015-06-04 00:00:00.000,54185.00,7
462,515,ORD_462,2015-04-11 00:00:00.000,2015-06-24 00:00:00.000,2470.00,4
463,869,ORD_463,2015-06-20 00:00:00.000,2015-06-21 00:00:00.000,72121.00,6
464,157,ORD_464,2015-01-07 00:00:00.000,2015-06-10 00:00:00.000,98317.00,1
465,318,ORD_465,2015-01-29 00:00:00.000,2015-04-13 00:00:00.000,26040.00,6
466,401,ORD_466,2015-05-30 00:00:00.000,2015-06-07 00:00:00.000,94142.00,5
467,163,ORD_467,2015-01-14 00:00:00.000,2015-03-10 00:00:00.000,40793.00,6
468,698,ORD_468,2015-06-03 00:00:00.000,2015-06-18 00:00:00.000,63916.00,1
469,102,ORD_469,2015-03-14 00:00:00.000,2015-06-29 00:00:00.000,16185.00,5
470,514,ORD_470,2015-02-12 00:00:00.000,2015-03-25 00:00:00.000,96949.00,5
471,99,ORD_471,2015-03-07 00:00:00.000,2015-03-29 00:00:00.000,1288.00,7
472,235,ORD_472,2015-01-23 00:00:00.000,2015-06-17 00:00:00.000,98573.00,1
473,507,ORD_473,2015-03-28 00:00:00.000,2015-04-12 00:00:00.000,67539.00,1
474,969,ORD_474,2015-04-06 00:00:00.000,2015-05-05 00:00:00.000,21062.00,6
475,450,ORD_475,2015-01-05 00:00:00.000,2015-04-19 00:00:00.000,89869.00,2
476,923,ORD_476,2015-05-20 00:00:00.000,2015-06-27 00:00:00.000,5747.00,3
477,1014,ORD_477,2015-02-21 00:00:00.000,2015-02-23 00:00:00.000,96285.00,3
478,407,ORD_478,2015-05-08 00:00:00.000,2015-05-29 00:00:00.000,28304.00,6
479,492,ORD_479,2015-03-13 00:00:00.000,2015-03-20 00:00:00.000,45952.00,1
480,130,ORD_480,2015-06-21 00:00:00.000,2015-06-29 00:00:00.000,41974.00,2
481,442,ORD_481,2015-04-28 00:00:00.000,2015-06-30 00:00:00.000,3721.00,6
482,724,ORD_482,2015-06-20 00:00:00.000,2015-06-30 00:00:00.000,99367.00,4
483,824,ORD_483,2015-04-29 00:00:00.000,2015-05-27 00:00:00.000,41360.00,7
484,860,ORD_484,2015-01-01 00:00:00.000,2015-06-24 00:00:00.000,83450.00,1
485,284,ORD_485,2015-03-11 00:00:00.000,2015-04-15 00:00:00.000,33313.00,3
486,963,ORD_486,2015-04-06 00:00:00.000,2015-04-29 00:00:00.000,67587.00,2
487,824,ORD_487,2015-02-06 00:00:00.000,2015-04-27 00:00:00.000,29432.00,4
488,653,ORD_488,2015-01-20 00:00:00.000,2015-06-09 00:00:00.000,85582.00,5
489,221,ORD_489,2015-06-19 00:00:00.000,2015-06-25 00:00:00.000,28573.00,5
490,55,ORD_490,2015-06-13 00:00:00.000,2015-06-29 00:00:00.000,5449.00,4
491,280,ORD_491,2015-01-24 00:00:00.000,2015-02-12 00:00:00.000,44446.00,1
492,337,ORD_492,2015-03-28 00:00:00.000,2015-05-02 00:00:00.000,66937.00,5
493,909,ORD_493,2015-05-05 00:00:00.000,2015-06-16 00:00:00.000,93852.00,4
494,370,ORD_494,2015-02-10 00:00:00.000,2015-05-18 00:00:00.000,14230.00,5
495,718,ORD_495,2015-03-13 00:00:00.000,2015-06-27 00:00:00.000,3897.00,2
496,686,ORD_496,2015-06-04 00:00:00.000,2015-06-17 00:00:00.000,95335.00,2
497,997,ORD_497,2015-05-07 00:00:00.000,2015-05-18 00:00:00.000,87808.00,7
498,252,ORD_498,2015-05-03 00:00:00.000,2015-05-23 00:00:00.000,21368.00,7
499,443,ORD_499,2015-01-18 00:00:00.000,2015-04-20 00:00:00.000,90451.00,7
500,466,ORD_500,2015-01-24 00:00:00.000,2015-04-17 00:00:00.000,86388.00,6
501,167,ORD_501,2015-02-05 00:00:00.000,2015-03-01 00:00:00.000,9100.00,5
502,620,ORD_502,2015-06-19 00:00:00.000,2015-06-22 00:00:00.000,22961.00,1
503,468,ORD_503,2015-06-10 00:00:00.000,2015-06-30 00:00:00.000,31186.00,5
504,279,ORD_504,2015-03-15 00:00:00.000,2015-03-15 00:00:00.000,57710.00,3
505,902,ORD_505,2015-02-09 00:00:00.000,2015-04-02 00:00:00.000,43795.00,5
506,441,ORD_506,2015-01-21 00:00:00.000,2015-05-10 00:00:00.000,17547.00,1
507,617,ORD_507,2015-05-23 00:00:00.000,2015-06-29 00:00:00.000,14406.00,6
508,503,ORD_508,2015-04-01 00:00:00.000,2015-06-28 00:00:00.000,99987.00,1
509,255,ORD_509,2015-01-15 00:00:00.000,2015-03-14 00:00:00.000,75965.00,2
510,884,ORD_510,2015-04-20 00:00:00.000,2015-06-14 00:00:00.000,61456.00,7
511,94,ORD_511,2015-01-11 00:00:00.000,2015-01-11 00:00:00.000,45514.00,4
512,524,ORD_512,2015-03-01 00:00:00.000,2015-06-22 00:00:00.000,1756.00,1
513,362,ORD_513,2015-01-17 00:00:00.000,2015-02-20 00:00:00.000,49617.00,6
514,546,ORD_514,2015-01-17 00:00:00.000,2015-04-21 00:00:00.000,52762.00,6
515,645,ORD_515,2015-02-02 00:00:00.000,2015-04-07 00:00:00.000,56981.00,1
516,648,ORD_516,2015-06-23 00:00:00.000,2015-06-30 00:00:00.000,77694.00,4
517,369,ORD_517,2015-05-19 00:00:00.000,2015-05-31 00:00:00.000,7620.00,1
518,989,ORD_518,2015-02-15 00:00:00.000,2015-06-04 00:00:00.000,86228.00,1
519,394,ORD_519,2015-06-14 00:00:00.000,2015-06-28 00:00:00.000,96056.00,7
520,828,ORD_520,2015-06-21 00:00:00.000,2015-06-29 00:00:00.000,41442.00,6
521,350,ORD_521,2015-03-22 00:00:00.000,2015-03-27 00:00:00.000,75613.00,5
522,372,ORD_522,2015-03-24 00:00:00.000,2015-06-02 00:00:00.000,77627.00,2
523,251,ORD_523,2015-03-26 00:00:00.000,2015-05-01 00:00:00.000,66304.00,1
524,770,ORD_524,2015-05-18 00:00:00.000,2015-06-16 00:00:00.000,41065.00,5
525,736,ORD_525,2015-05-25 00:00:00.000,2015-06-18 00:00:00.000,73711.00,1
526,524,ORD_526,2015-06-09 00:00:00.000,2015-06-09 00:00:00.000,95434.00,3
527,587,ORD_527,2015-04-19 00:00:00.000,2015-05-01 00:00:00.000,72994.00,4
528,88,ORD_528,2015-04-20 00:00:00.000,2015-06-05 00:00:00.000,22831.00,3
529,1014,ORD_529,2015-06-25 00:00:00.000,2015-06-25 00:00:00.000,30379.00,6
530,631,ORD_530,2015-03-05 00:00:00.000,2015-04-05 00:00:00.000,60810.00,6
531,52,ORD_531,2015-01-09 00:00:00.000,2015-02-19 00:00:00.000,73308.00,1
532,957,ORD_532,2015-06-27 00:00:00.000,2015-06-30 00:00:00.000,60897.00,6
533,234,ORD_533,2015-01-02 00:00:00.000,2015-04-21 00:00:00.000,49776.00,2
534,753,ORD_534,2015-01-14 00:00:00.000,2015-06-19 00:00:00.000,60498.00,4
535,508,ORD_535,2015-03-07 00:00:00.000,2015-05-01 00:00:00.000,89818.00,1
536,92,ORD_536,2015-03-26 00:00:00.000,2015-05-13 00:00:00.000,41068.00,2
537,824,ORD_537,2015-03-11 00:00:00.000,2015-06-05 00:00:00.000,31918.00,5
538,126,ORD_538,2015-01-19 00:00:00.000,2015-03-03 00:00:00.000,91578.00,5
539,1001,ORD_539,2015-04-21 00:00:00.000,2015-05-22 00:00:00.000,9966.00,5
540,439,ORD_540,2015-05-26 00:00:00.000,2015-05-27 00:00:00.000,20241.00,1
541,918,ORD_541,2015-04-09 00:00:00.000,2015-06-05 00:00:00.000,63664.00,5
542,584,ORD_542,2015-03-27 00:00:00.000,2015-04-07 00:00:00.000,24433.00,5
543,158,ORD_543,2015-01-26 00:00:00.000,2015-06-18 00:00:00.000,23035.00,4
544,48,ORD_544,2015-01-22 00:00:00.000,2015-06-05 00:00:00.000,90350.00,5
545,440,ORD_545,2015-01-11 00:00:00.000,2015-06-10 00:00:00.000,66688.00,6
546,637,ORD_546,2015-01-28 00:00:00.000,2015-02-21 00:00:00.000,71911.00,5
547,63,ORD_547,2015-02-02 00:00:00.000,2015-02-12 00:00:00.000,39564.00,2
548,168,ORD_548,2015-01-07 00:00:00.000,2015-01-09 00:00:00.000,99322.00,7
549,485,ORD_549,2015-03-10 00:00:00.000,2015-03-29 00:00:00.000,80960.00,2
550,887,ORD_550,2015-01-03 00:00:00.000,2015-03-11 00:00:00.000,51701.00,6
551,806,ORD_551,2015-02-21 00:00:00.000,2015-03-14 00:00:00.000,38316.00,5
552,108,ORD_552,2015-06-29 00:00:00.000,2015-06-30 00:00:00.000,8765.00,6
553,354,ORD_553,2015-02-28 00:00:00.000,2015-04-07 00:00:00.000,28382.00,2
554,52,ORD_554,2015-06-16 00:00:00.000,2015-06-24 00:00:00.000,62834.00,5
555,505,ORD_555,2015-04-23 00:00:00.000,2015-04-29 00:00:00.000,34040.00,7
556,410,ORD_556,2015-03-09 00:00:00.000,2015-04-07 00:00:00.000,14096.00,5
557,963,ORD_557,2015-03-01 00:00:00.000,2015-03-02 00:00:00.000,32972.00,7
558,151,ORD_558,2015-03-30 00:00:00.000,2015-04-18 00:00:00.000,89379.00,7
559,273,ORD_559,2015-05-25 00:00:00.000,2015-06-24 00:00:00.000,89208.00,4
560,412,ORD_560,2015-01-09 00:00:00.000,2015-04-20 00:00:00.000,84289.00,3
561,118,ORD_561,2015-05-25 00:00:00.000,2015-06-30 00:00:00.000,69693.00,2
562,168,ORD_562,2015-05-28 00:00:00.000,2015-06-20 00:00:00.000,77378.00,1
563,181,ORD_563,2015-03-16 00:00:00.000,2015-03-19 00:00:00.000,51755.00,4
564,688,ORD_564,2015-01-10 00:00:00.000,2015-04-12 00:00:00.000,53579.00,2
565,55,ORD_565,2015-03-01 00:00:00.000,2015-04-11 00:00:00.000,18137.00,5
566,73,ORD_566,2015-06-08 00:00:00.000,2015-06-29 00:00:00.000,33762.00,6
567,431,ORD_567,2015-06-23 00:00:00.000,2015-06-27 00:00:00.000,96232.00,4
568,452,ORD_568,2015-06-09 00:00:00.000,2015-06-11 00:00:00.000,26972.00,4
569,383,ORD_569,2015-03-01 00:00:00.000,2015-04-19 00:00:00.000,28451.00,7
570,870,ORD_570,2015-03-01 00:00:00.000,2015-06-19 00:00:00.000,39374.00,7
571,84,ORD_571,2015-06-21 00:00:00.000,2015-06-29 00:00:00.000,76325.00,7
572,726,ORD_572,2015-05-08 00:00:00.000,2015-06-02 00:00:00.000,69028.00,5
573,248,ORD_573,2015-06-30 00:00:00.000,2015-06-30 00:00:00.000,93059.00,5
574,121,ORD_574,2015-04-06 00:00:00.000,2015-05-14 00:00:00.000,58748.00,5
575,913,ORD_575,2015-05-14 00:00:00.000,2015-06-03 00:00:00.000,76933.00,5
576,908,ORD_576,2015-06-04 00:00:00.000,2015-06-10 00:00:00.000,94705.00,3
577,448,ORD_577,2015-05-06 00:00:00.000,2015-05-10 00:00:00.000,5176.00,4
578,211,ORD_578,2015-03-29 00:00:00.000,2015-04-17 00:00:00.000,94928.00,5
579,284,ORD_579,2015-06-19 00:00:00.000,2015-06-21 00:00:00.000,87127.00,6
580,626,ORD_580,2015-02-22 00:00:00.000,2015-05-02 00:00:00.000,54170.00,5
581,392,ORD_581,2015-03-11 00:00:00.000,2015-06-26 00:00:00.000,50474.00,6
582,542,ORD_582,2015-06-11 00:00:00.000,2015-06-24 00:00:00.000,8633.00,2
583,351,ORD_583,2015-06-14 00:00:00.000,2015-06-26 00:00:00.000,87985.00,3
584,531,ORD_584,2015-06-17 00:00:00.000,2015-06-21 00:00:00.000,16174.00,3
585,555,ORD_585,2015-05-07 00:00:00.000,2015-06-03 00:00:00.000,20559.00,1
586,199,ORD_586,2015-05-06 00:00:00.000,2015-05-09 00:00:00.000,58721.00,5
587,265,ORD_587,2015-06-14 00:00:00.000,2015-06-15 00:00:00.000,15100.00,2
588,283,ORD_588,2015-05-30 00:00:00.000,2015-05-30 00:00:00.000,79572.00,4
589,429,ORD_589,2015-05-19 00:00:00.000,2015-06-11 00:00:00.000,88092.00,3
590,404,ORD_590,2015-05-20 00:00:00.000,2015-06-08 00:00:00.000,42621.00,7
591,310,ORD_591,2015-06-07 00:00:00.000,2015-06-26 00:00:00.000,84205.00,4
592,3,ORD_592,2015-05-24 00:00:00.000,2015-06-09 00:00:00.000,43541.00,1
593,194,ORD_593,2015-06-04 00:00:00.000,2015-06-26 00:00:00.000,3395.00,5
594,736,ORD_594,2015-05-13 00:00:00.000,2015-06-10 00:00:00.000,63505.00,3
595,845,ORD_595,2015-06-16 00:00:00.000,2015-06-25 00:00:00.000,35611.00,6
596,1,ORD_596,2015-05-30 00:00:00.000,2015-06-19 00:00:00.000,86125.00,1
597,208,ORD_597,2015-02-05 00:00:00.000,2015-03-07 00:00:00.000,36045.00,3
598,443,ORD_598,2015-01-29 00:00:00.000,2015-05-14 00:00:00.000,53119.00,7
599,31,ORD_599,2015-03-29 00:00:00.000,2015-04-17 00:00:00.000,5283.00,4
600,1001,ORD_600,2015-04-15 00:00:00.000,2015-06-12 00:00:00.000,27911.00,1
601,910,ORD_601,2015-05-15 00:00:00.000,2015-06-28 00:00:00.000,61728.00,3
602,558,ORD_602,2015-01-24 00:00:00.000,2015-02-09 00:00:00.000,69802.00,2
603,605,ORD_603,2015-05-22 00:00:00.000,2015-06-26 00:00:00.000,36045.00,7
604,897,ORD_604,2015-06-29 00:00:00.000,2015-06-29 00:00:00.000,60624.00,5
605,334,ORD_605,2015-04-16 00:00:00.000,2015-06-12 00:00:00.000,25732.00,5
606,877,ORD_606,2015-05-11 00:00:00.000,2015-06-25 00:00:00.000,82238.00,5
607,63,ORD_607,2015-04-14 00:00:00.000,2015-04-26 00:00:00.000,56167.00,6
608,171,ORD_608,2015-06-16 00:00:00.000,2015-06-26 00:00:00.000,61509.00,1
609,655,ORD_609,2015-06-02 00:00:00.000,2015-06-24 00:00:00.000,41752.00,1
610,972,ORD_610,2015-04-17 00:00:00.000,2015-04-24 00:00:00.000,33022.00,1
611,484,ORD_611,2015-04-25 00:00:00.000,2015-05-13 00:00:00.000,41821.00,2
612,702,ORD_612,2015-06-29 00:00:00.000,2015-06-29 00:00:00.000,17322.00,3
613,777,ORD_613,2015-01-10 00:00:00.000,2015-04-04 00:00:00.000,92806.00,1
614,1020,ORD_614,2015-05-02 00:00:00.000,2015-06-24 00:00:00.000,59987.00,4
615,215,ORD_615,2015-06-06 00:00:00.000,2015-06-19 00:00:00.000,99805.00,1
616,171,ORD_616,2015-03-07 00:00:00.000,2015-04-19 00:00:00.000,88593.00,5
617,509,ORD_617,2015-04-14 00:00:00.000,2015-05-28 00:00:00.000,31925.00,1
618,663,ORD_618,2015-03-23 00:00:00.000,2015-04-23 00:00:00.000,5724.00,1
619,141,ORD_619,2015-02-09 00:00:00.000,2015-06-29 00:00:00.000,14177.00,2
620,163,ORD_620,2015-04-30 00:00:00.000,2015-05-03 00:00:00.000,2970.00,1
621,60,ORD_621,2015-01-05 00:00:00.000,2015-05-15 00:00:00.000,57466.00,3
622,4,ORD_622,2015-06-30 00:00:00.000,2015-06-30 00:00:00.000,4185.00,7
623,856,ORD_623,2015-04-03 00:00:00.000,2015-05-10 00:00:00.000,81500.00,7
624,257,ORD_624,2015-05-20 00:00:00.000,2015-05-21 00:00:00.000,24201.00,7
625,532,ORD_625,2015-04-16 00:00:00.000,2015-04-24 00:00:00.000,90137.00,1
626,859,ORD_626,2015-01-08 00:00:00.000,2015-06-08 00:00:00.000,44228.00,3
627,395,ORD_627,2015-06-08 00:00:00.000,2015-06-11 00:00:00.000,71160.00,3
628,793,ORD_628,2015-01-05 00:00:00.000,2015-02-22 00:00:00.000,85234.00,5
629,998,ORD_629,2015-05-08 00:00:00.000,2015-05-27 00:00:00.000,18047.00,2
630,654,ORD_630,2015-04-15 00:00:00.000,2015-05-23 00:00:00.000,10727.00,1
631,57,ORD_631,2015-06-06 00:00:00.000,2015-06-08 00:00:00.000,41922.00,1
632,600,ORD_632,2015-01-25 00:00:00.000,2015-06-20 00:00:00.000,23019.00,3
633,690,ORD_633,2015-01-19 00:00:00.000,2015-02-20 00:00:00.000,15055.00,5
634,282,ORD_634,2015-04-07 00:00:00.000,2015-04-09 00:00:00.000,13744.00,4
635,268,ORD_635,2015-05-30 00:00:00.000,2015-06-30 00:00:00.000,58876.00,1
636,336,ORD_636,2015-03-25 00:00:00.000,2015-04-19 00:00:00.000,48560.00,5
637,809,ORD_637,2015-03-07 00:00:00.000,2015-04-09 00:00:00.000,21007.00,3
638,520,ORD_638,2015-06-14 00:00:00.000,2015-06-28 00:00:00.000,65116.00,7
639,174,ORD_639,2015-02-26 00:00:00.000,2015-03-04 00:00:00.000,74945.00,4
640,575,ORD_640,2015-04-17 00:00:00.000,2015-05-15 00:00:00.000,50355.00,5
641,944,ORD_641,2015-02-13 00:00:00.000,2015-05-13 00:00:00.000,93366.00,1
642,476,ORD_642,2015-02-14 00:00:00.000,2015-03-20 00:00:00.000,66297.00,7
643,864,ORD_643,2015-01-12 00:00:00.000,2015-02-24 00:00:00.000,24542.00,7
644,551,ORD_644,2015-02-23 00:00:00.000,2015-04-07 00:00:00.000,71619.00,7
645,790,ORD_645,2015-05-06 00:00:00.000,2015-06-07 00:00:00.000,71443.00,5
646,189,ORD_646,2015-01-13 00:00:00.000,2015-05-08 00:00:00.000,91075.00,1
647,696,ORD_647,2015-03-12 00:00:00.000,2015-06-30 00:00:00.000,69405.00,5
648,153,ORD_648,2015-02-22 00:00:00.000,2015-05-17 00:00:00.000,92080.00,5
649,272,ORD_649,2015-05-16 00:00:00.000,2015-06-12 00:00:00.000,35249.00,2
650,770,ORD_650,2015-05-17 00:00:00.000,2015-06-02 00:00:00.000,36524.00,5
651,544,ORD_651,2015-02-17 00:00:00.000,2015-02-28 00:00:00.000,87081.00,1
652,436,ORD_652,2015-01-25 00:00:00.000,2015-03-17 00:00:00.000,65478.00,2
653,681,ORD_653,2015-02-18 00:00:00.000,2015-04-03 00:00:00.000,21616.00,2
654,233,ORD_654,2015-04-19 00:00:00.000,2015-05-12 00:00:00.000,95536.00,2
655,978,ORD_655,2015-06-03 00:00:00.000,2015-06-21 00:00:00.000,14222.00,2
656,761,ORD_656,2015-03-03 00:00:00.000,2015-06-11 00:00:00.000,68297.00,5
657,339,ORD_657,2015-02-26 00:00:00.000,2015-06-16 00:00:00.000,89314.00,7
658,861,ORD_658,2015-01-29 00:00:00.000,2015-03-31 00:00:00.000,85264.00,1
659,874,ORD_659,2015-05-28 00:00:00.000,2015-06-21 00:00:00.000,17186.00,2
660,715,ORD_660,2015-02-16 00:00:00.000,2015-05-09 00:00:00.000,85031.00,5
661,542,ORD_661,2015-01-14 00:00:00.000,2015-06-09 00:00:00.000,73271.00,7
662,132,ORD_662,2015-04-05 00:00:00.000,2015-04-11 00:00:00.000,18686.00,3
663,506,ORD_663,2015-02-25 00:00:00.000,2015-06-08 00:00:00.000,58291.00,3
664,979,ORD_664,2015-04-02 00:00:00.000,2015-05-29 00:00:00.000,23339.00,1
665,321,ORD_665,2015-05-23 00:00:00.000,2015-06-09 00:00:00.000,48201.00,1
666,1013,ORD_666,2015-04-18 00:00:00.000,2015-05-18 00:00:00.000,17735.00,7
667,782,ORD_667,2015-06-28 00:00:00.000,2015-06-29 00:00:00.000,21008.00,5
668,703,ORD_668,2015-02-13 00:00:00.000,2015-06-13 00:00:00.000,78298.00,5
669,985,ORD_669,2015-01-29 00:00:00.000,2015-05-25 00:00:00.000,73354.00,2
670,192,ORD_670,2015-01-24 00:00:00.000,2015-02-05 00:00:00.000,37381.00,5
671,357,ORD_671,2015-02-09 00:00:00.000,2015-05-20 00:00:00.000,41226.00,1
672,260,ORD_672,2015-05-11 00:00:00.000,2015-06-10 00:00:00.000,16972.00,2
673,900,ORD_673,2015-04-06 00:00:00.000,2015-04-28 00:00:00.000,61330.00,2
674,579,ORD_674,2015-04-24 00:00:00.000,2015-05-20 00:00:00.000,13911.00,6
675,845,ORD_675,2015-06-15 00:00:00.000,2015-06-23 00:00:00.000,91668.00,4
676,337,ORD_676,2015-05-23 00:00:00.000,2015-06-14 00:00:00.000,46430.00,6
677,442,ORD_677,2015-04-22 00:00:00.000,2015-06-30 00:00:00.000,56033.00,5
678,484,ORD_678,2015-03-08 00:00:00.000,2015-06-20 00:00:00.000,82610.00,3
679,395,ORD_679,2015-01-17 00:00:00.000,2015-02-28 00:00:00.000,69914.00,6
680,290,ORD_680,2015-02-02 00:00:00.000,2015-02-10 00:00:00.000,40920.00,1
681,234,ORD_681,2015-06-17 00:00:00.000,2015-06-23 00:00:00.000,8859.00,7
682,475,ORD_682,2015-05-10 00:00:00.000,2015-06-01 00:00:00.000,25507.00,1
683,925,ORD_683,2015-01-31 00:00:00.000,2015-03-05 00:00:00.000,53206.00,3
684,906,ORD_684,2015-04-05 00:00:00.000,2015-06-07 00:00:00.000,89163.00,7
685,139,ORD_685,2015-05-18 00:00:00.000,2015-06-23 00:00:00.000,11939.00,2
686,64,ORD_686,2015-04-19 00:00:00.000,2015-04-20 00:00:00.000,12251.00,6
687,95,ORD_687,2015-03-05 00:00:00.000,2015-05-14 00:00:00.000,15443.00,1
688,32,ORD_688,2015-04-04 00:00:00.000,2015-05-22 00:00:00.000,95794.00,1
689,578,ORD_689,2015-02-22 00:00:00.000,2015-04-06 00:00:00.000,91528.00,7
690,190,ORD_690,2015-06-18 00:00:00.000,2015-06-21 00:00:00.000,70043.00,2
691,355,ORD_691,2015-01-21 00:00:00.000,2015-02-17 00:00:00.000,18476.00,2
692,727,ORD_692,2015-02-21 00:00:00.000,2015-05-21 00:00:00.000,86351.00,7
693,920,ORD_693,2015-05-31 00:00:00.000,2015-06-06 00:00:00.000,74748.00,7
694,708,ORD_694,2015-05-09 00:00:00.000,2015-05-10 00:00:00.000,91714.00,3
695,578,ORD_695,2015-02-28 00:00:00.000,2015-03-15 00:00:00.000,26146.00,7
696,11,ORD_696,2015-02-17 00:00:00.000,2015-05-28 00:00:00.000,98229.00,2
697,367,ORD_697,2015-03-19 00:00:00.000,2015-04-15 00:00:00.000,26629.00,3
698,573,ORD_698,2015-02-05 00:00:00.000,2015-03-27 00:00:00.000,97961.00,1
699,370,ORD_699,2015-02-10 00:00:00.000,2015-05-17 00:00:00.000,77062.00,3
700,801,ORD_700,2015-04-04 00:00:00.000,2015-06-24 00:00:00.000,74530.00,1
701,637,ORD_701,2015-05-01 00:00:00.000,2015-05-02 00:00:00.000,96789.00,1
702,747,ORD_702,2015-02-01 00:00:00.000,2015-06-26 00:00:00.000,85994.00,5
703,426,ORD_703,2015-06-08 00:00:00.000,2015-06-13 00:00:00.000,19465.00,5
704,383,ORD_704,2015-03-29 00:00:00.000,2015-05-27 00:00:00.000,84458.00,7
705,565,ORD_705,2015-06-08 00:00:00.000,2015-06-25 00:00:00.000,48901.00,4
706,158,ORD_706,2015-01-28 00:00:00.000,2015-02-25 00:00:00.000,96928.00,5
707,804,ORD_707,2015-06-08 00:00:00.000,2015-06-15 00:00:00.000,43375.00,1
708,694,ORD_708,2015-04-30 00:00:00.000,2015-05-24 00:00:00.000,94451.00,6
709,628,ORD_709,2015-04-14 00:00:00.000,2015-06-05 00:00:00.000,80861.00,2
710,697,ORD_710,2015-05-06 00:00:00.000,2015-06-04 00:00:00.000,74982.00,1
711,370,ORD_711,2015-04-01 00:00:00.000,2015-05-20 00:00:00.000,67881.00,2
712,711,ORD_712,2015-05-05 00:00:00.000,2015-06-20 00:00:00.000,19273.00,5
713,990,ORD_713,2015-01-02 00:00:00.000,2015-03-05 00:00:00.000,21289.00,5
714,610,ORD_714,2015-04-15 00:00:00.000,2015-06-04 00:00:00.000,52839.00,5
715,390,ORD_715,2015-04-17 00:00:00.000,2015-05-28 00:00:00.000,52241.00,5
716,4,ORD_716,2015-05-22 00:00:00.000,2015-05-31 00:00:00.000,1101.00,5
717,180,ORD_717,2015-02-05 00:00:00.000,2015-06-10 00:00:00.000,25705.00,6
718,386,ORD_718,2015-04-10 00:00:00.000,2015-04-24 00:00:00.000,10866.00,1
719,821,ORD_719,2015-02-18 00:00:00.000,2015-05-31 00:00:00.000,5224.00,2
720,234,ORD_720,2015-06-09 00:00:00.000,2015-06-14 00:00:00.000,19969.00,5
721,254,ORD_721,2015-06-30 00:00:00.000,2015-06-30 00:00:00.000,44709.00,3
722,122,ORD_722,2015-05-07 00:00:00.000,2015-05-22 00:00:00.000,40252.00,1
723,356,ORD_723,2015-03-25 00:00:00.000,2015-04-29 00:00:00.000,70145.00,7
724,454,ORD_724,2015-02-08 00:00:00.000,2015-02-25 00:00:00.000,52782.00,7
725,688,ORD_725,2015-02-01 00:00:00.000,2015-06-01 00:00:00.000,97828.00,3
726,414,ORD_726,2015-04-30 00:00:00.000,2015-06-03 00:00:00.000,25626.00,1
727,811,ORD_727,2015-03-20 00:00:00.000,2015-06-23 00:00:00.000,70335.00,4
728,145,ORD_728,2015-03-17 00:00:00.000,2015-04-25 00:00:00.000,74964.00,5
729,542,ORD_729,2015-01-07 00:00:00.000,2015-03-01 00:00:00.000,72362.00,2
730,415,ORD_730,2015-04-16 00:00:00.000,2015-06-24 00:00:00.000,93486.00,3
731,117,ORD_731,2015-05-07 00:00:00.000,2015-06-15 00:00:00.000,99409.00,3
732,627,ORD_732,2015-04-07 00:00:00.000,2015-05-29 00:00:00.000,59154.00,7
733,525,ORD_733,2015-06-15 00:00:00.000,2015-06-17 00:00:00.000,70878.00,6
734,244,ORD_734,2015-03-27 00:00:00.000,2015-06-01 00:00:00.000,3540.00,6
735,544,ORD_735,2015-04-03 00:00:00.000,2015-06-20 00:00:00.000,22118.00,3
736,68,ORD_736,2015-06-09 00:00:00.000,2015-06-22 00:00:00.000,23761.00,1
737,490,ORD_737,2015-05-24 00:00:00.000,2015-06-06 00:00:00.000,20285.00,6
738,22,ORD_738,2015-05-19 00:00:00.000,2015-06-30 00:00:00.000,97471.00,4
739,946,ORD_739,2015-05-19 00:00:00.000,2015-05-26 00:00:00.000,60517.00,5
740,843,ORD_740,2015-04-07 00:00:00.000,2015-04-21 00:00:00.000,2686.00,1
741,380,ORD_741,2015-06-13 00:00:00.000,2015-06-14 00:00:00.000,37186.00,6
742,381,ORD_742,2015-04-01 00:00:00.000,2015-05-05 00:00:00.000,31367.00,2
743,632,ORD_743,2015-04-23 00:00:00.000,2015-05-16 00:00:00.000,29335.00,7
744,425,ORD_744,2015-06-27 00:00:00.000,2015-06-30 00:00:00.000,36299.00,6
745,861,ORD_745,2015-05-04 00:00:00.000,2015-06-28 00:00:00.000,65002.00,6
746,215,ORD_746,2015-06-18 00:00:00.000,2015-06-28 00:00:00.000,41064.00,4
747,568,ORD_747,2015-04-16 00:00:00.000,2015-04-23 00:00:00.000,51461.00,2
748,805,ORD_748,2015-04-20 00:00:00.000,2015-05-20 00:00:00.000,58738.00,5
749,129,ORD_749,2015-01-26 00:00:00.000,2015-06-28 00:00:00.000,1908.00,3
750,975,ORD_750,2015-05-05 00:00:00.000,2015-05-23 00:00:00.000,17303.00,7
751,37,ORD_751,2015-03-14 00:00:00.000,2015-06-21 00:00:00.000,82180.00,3
752,739,ORD_752,2015-06-24 00:00:00.000,2015-06-26 00:00:00.000,75565.00,5
753,688,ORD_753,2015-01-07 00:00:00.000,2015-04-13 00:00:00.000,75264.00,7
754,300,ORD_754,2015-06-27 00:00:00.000,2015-06-30 00:00:00.000,65047.00,5
755,164,ORD_755,2015-05-31 00:00:00.000,2015-06-30 00:00:00.000,14642.00,1
756,414,ORD_756,2015-01-16 00:00:00.000,2015-01-17 00:00:00.000,3484.00,1
757,898,ORD_757,2015-06-29 00:00:00.000,2015-06-30 00:00:00.000,86931.00,2
758,942,ORD_758,2015-02-11 00:00:00.000,2015-06-15 00:00:00.000,33152.00,2
759,98,ORD_759,2015-05-12 00:00:00.000,2015-06-11 00:00:00.000,48566.00,5
760,457,ORD_760,2015-05-05 00:00:00.000,2015-05-14 00:00:00.000,11654.00,3
761,510,ORD_761,2015-06-15 00:00:00.000,2015-06-24 00:00:00.000,83447.00,6
762,855,ORD_762,2015-04-25 00:00:00.000,2015-06-24 00:00:00.000,79597.00,3
763,862,ORD_763,2015-01-09 00:00:00.000,2015-04-05 00:00:00.000,24374.00,4
764,894,ORD_764,2015-04-01 00:00:00.000,2015-05-19 00:00:00.000,17620.00,2
765,766,ORD_765,2015-02-06 00:00:00.000,2015-06-06 00:00:00.000,67859.00,7
766,756,ORD_766,2015-03-09 00:00:00.000,2015-04-08 00:00:00.000,40004.00,7
767,600,ORD_767,2015-05-07 00:00:00.000,2015-06-29 00:00:00.000,72160.00,2
768,762,ORD_768,2015-03-06 00:00:00.000,2015-05-21 00:00:00.000,66765.00,2
769,681,ORD_769,2015-02-15 00:00:00.000,2015-04-11 00:00:00.000,74982.00,4
770,925,ORD_770,2015-04-16 00:00:00.000,2015-06-29 00:00:00.000,65185.00,1
771,218,ORD_771,2015-01-08 00:00:00.000,2015-01-26 00:00:00.000,43874.00,7
772,999,ORD_772,2015-06-21 00:00:00.000,2015-06-25 00:00:00.000,70144.00,4
773,393,ORD_773,2015-02-19 00:00:00.000,2015-04-25 00:00:00.000,42695.00,6
774,298,ORD_774,2015-01-17 00:00:00.000,2015-04-12 00:00:00.000,49272.00,2
775,48,ORD_775,2015-03-18 00:00:00.000,2015-06-08 00:00:00.000,3282.00,4
776,243,ORD_776,2015-03-13 00:00:00.000,2015-04-11 00:00:00.000,53894.00,2
777,457,ORD_777,2015-02-17 00:00:00.000,2015-03-26 00:00:00.000,65395.00,1
778,812,ORD_778,2015-04-12 00:00:00.000,2015-04-16 00:00:00.000,10026.00,7
779,430,ORD_779,2015-05-21 00:00:00.000,2015-06-05 00:00:00.000,46573.00,1
780,779,ORD_780,2015-05-29 00:00:00.000,2015-05-29 00:00:00.000,85574.00,6
781,288,ORD_781,2015-01-12 00:00:00.000,2015-02-21 00:00:00.000,82924.00,7
782,24,ORD_782,2015-06-06 00:00:00.000,2015-06-07 00:00:00.000,93964.00,5
783,461,ORD_783,2015-01-19 00:00:00.000,2015-01-26 00:00:00.000,21999.00,3
784,532,ORD_784,2015-05-07 00:00:00.000,2015-06-16 00:00:00.000,93226.00,2
785,698,ORD_785,2015-04-21 00:00:00.000,2015-05-25 00:00:00.000,89316.00,3
786,457,ORD_786,2015-01-29 00:00:00.000,2015-02-28 00:00:00.000,10948.00,2
787,141,ORD_787,2015-06-23 00:00:00.000,2015-06-24 00:00:00.000,95785.00,2
788,488,ORD_788,2015-05-20 00:00:00.000,2015-06-11 00:00:00.000,44002.00,6
789,381,ORD_789,2015-06-08 00:00:00.000,2015-06-13 00:00:00.000,32997.00,2
790,750,ORD_790,2015-03-30 00:00:00.000,2015-04-14 00:00:00.000,15140.00,1
791,351,ORD_791,2015-02-03 00:00:00.000,2015-03-25 00:00:00.000,62219.00,5
792,67,ORD_792,2015-05-05 00:00:00.000,2015-06-24 00:00:00.000,7645.00,6
793,569,ORD_793,2015-02-18 00:00:00.000,2015-06-29 00:00:00.000,11558.00,1
794,409,ORD_794,2015-05-08 00:00:00.000,2015-06-21 00:00:00.000,55701.00,1
795,569,ORD_795,2015-02-19 00:00:00.000,2015-04-08 00:00:00.000,52259.00,2
796,286,ORD_796,2015-01-11 00:00:00.000,2015-02-06 00:00:00.000,16541.00,7
797,192,ORD_797,2015-05-06 00:00:00.000,2015-06-10 00:00:00.000,34310.00,1
798,838,ORD_798,2015-05-11 00:00:00.000,2015-06-18 00:00:00.000,92419.00,5
799,103,ORD_799,2015-04-19 00:00:00.000,2015-06-15 00:00:00.000,87504.00,4
800,210,ORD_800,2015-02-11 00:00:00.000,2015-05-22 00:00:00.000,45454.00,7
801,815,ORD_801,2015-03-18 00:00:00.000,2015-06-10 00:00:00.000,85898.00,5
802,496,ORD_802,2015-03-18 00:00:00.000,2015-05-24 00:00:00.000,95030.00,2
803,352,ORD_803,2015-05-27 00:00:00.000,2015-06-10 00:00:00.000,18825.00,7
804,156,ORD_804,2015-04-06 00:00:00.000,2015-05-14 00:00:00.000,9070.00,6
805,348,ORD_805,2015-03-16 00:00:00.000,2015-06-15 00:00:00.000,15808.00,2
806,709,ORD_806,2015-05-03 00:00:00.000,2015-06-30 00:00:00.000,92822.00,6
807,160,ORD_807,2015-01-19 00:00:00.000,2015-02-16 00:00:00.000,28197.00,3
808,163,ORD_808,2015-05-05 00:00:00.000,2015-06-05 00:00:00.000,20708.00,7
809,83,ORD_809,2015-03-27 00:00:00.000,2015-03-29 00:00:00.000,78825.00,2
810,479,ORD_810,2015-04-09 00:00:00.000,2015-04-20 00:00:00.000,13343.00,5
811,215,ORD_811,2015-03-01 00:00:00.000,2015-04-24 00:00:00.000,48341.00,1
812,492,ORD_812,2015-04-07 00:00:00.000,2015-06-19 00:00:00.000,89303.00,6
813,694,ORD_813,2015-01-20 00:00:00.000,2015-06-09 00:00:00.000,96895.00,4
814,979,ORD_814,2015-02-04 00:00:00.000,2015-02-26 00:00:00.000,85463.00,7
815,924,ORD_815,2015-04-01 00:00:00.000,2015-04-24 00:00:00.000,8744.00,6
816,730,ORD_816,2015-06-16 00:00:00.000,2015-06-17 00:00:00.000,78138.00,4
817,379,ORD_817,2015-02-14 00:00:00.000,2015-03-08 00:00:00.000,54853.00,3
818,733,ORD_818,2015-04-02 00:00:00.000,2015-05-23 00:00:00.000,45528.00,4
819,22,ORD_819,2015-06-14 00:00:00.000,2015-06-22 00:00:00.000,40197.00,7
820,657,ORD_820,2015-01-09 00:00:00.000,2015-06-20 00:00:00.000,43666.00,6
821,515,ORD_821,2015-05-10 00:00:00.000,2015-05-28 00:00:00.000,29449.00,7
822,72,ORD_822,2015-01-11 00:00:00.000,2015-06-24 00:00:00.000,78326.00,2
823,692,ORD_823,2015-04-10 00:00:00.000,2015-06-26 00:00:00.000,49716.00,6
824,72,ORD_824,2015-04-05 00:00:00.000,2015-05-21 00:00:00.000,43888.00,7
825,547,ORD_825,2015-03-17 00:00:00.000,2015-05-04 00:00:00.000,94944.00,1
826,622,ORD_826,2015-04-30 00:00:00.000,2015-06-01 00:00:00.000,64191.00,7
827,103,ORD_827,2015-01-05 00:00:00.000,2015-03-30 00:00:00.000,82221.00,7
828,174,ORD_828,2015-05-01 00:00:00.000,2015-05-11 00:00:00.000,70606.00,1
829,793,ORD_829,2015-03-05 00:00:00.000,2015-03-09 00:00:00.000,88563.00,1
830,71,ORD_830,2015-03-02 00:00:00.000,2015-06-26 00:00:00.000,24791.00,4
831,911,ORD_831,2015-03-28 00:00:00.000,2015-06-11 00:00:00.000,95917.00,3
832,620,ORD_832,2015-04-27 00:00:00.000,2015-05-14 00:00:00.000,72788.00,5
833,724,ORD_833,2015-04-12 00:00:00.000,2015-06-26 00:00:00.000,26043.00,2
834,504,ORD_834,2015-01-06 00:00:00.000,2015-04-18 00:00:00.000,51342.00,6
835,775,ORD_835,2015-05-19 00:00:00.000,2015-06-07 00:00:00.000,50046.00,6
836,117,ORD_836,2015-04-17 00:00:00.000,2015-06-20 00:00:00.000,47289.00,3
837,592,ORD_837,2015-01-06 00:00:00.000,2015-05-07 00:00:00.000,34730.00,4
838,877,ORD_838,2015-02-26 00:00:00.000,2015-04-12 00:00:00.000,24834.00,5
839,797,ORD_839,2015-03-25 00:00:00.000,2015-03-31 00:00:00.000,21542.00,5
840,975,ORD_840,2015-05-15 00:00:00.000,2015-05-31 00:00:00.000,37315.00,6
841,561,ORD_841,2015-05-22 00:00:00.000,2015-05-30 00:00:00.000,13310.00,6
842,714,ORD_842,2015-04-04 00:00:00.000,2015-05-28 00:00:00.000,96778.00,3
843,884,ORD_843,2015-03-08 00:00:00.000,2015-06-14 00:00:00.000,84841.00,1
844,15,ORD_844,2015-05-15 00:00:00.000,2015-06-25 00:00:00.000,37743.00,2
845,228,ORD_845,2015-01-02 00:00:00.000,2015-02-05 00:00:00.000,83073.00,4
846,150,ORD_846,2015-06-13 00:00:00.000,2015-06-24 00:00:00.000,35371.00,5
847,927,ORD_847,2015-03-24 00:00:00.000,2015-05-31 00:00:00.000,15067.00,5
848,252,ORD_848,2015-01-22 00:00:00.000,2015-05-10 00:00:00.000,26104.00,4
849,503,ORD_849,2015-04-11 00:00:00.000,2015-04-14 00:00:00.000,83270.00,5
850,832,ORD_850,2015-02-20 00:00:00.000,2015-04-25 00:00:00.000,81603.00,1
851,216,ORD_851,2015-05-29 00:00:00.000,2015-06-05 00:00:00.000,79766.00,1
852,982,ORD_852,2015-02-12 00:00:00.000,2015-06-14 00:00:00.000,88819.00,2
853,898,ORD_853,2015-05-30 00:00:00.000,2015-06-14 00:00:00.000,73081.00,6
854,156,ORD_854,2015-02-09 00:00:00.000,2015-02-27 00:00:00.000,2757.00,2
855,89,ORD_855,2015-01-25 00:00:00.000,2015-01-31 00:00:00.000,35242.00,4
856,780,ORD_856,2015-06-17 00:00:00.000,2015-06-18 00:00:00.000,28240.00,7
857,621,ORD_857,2015-03-09 00:00:00.000,2015-04-11 00:00:00.000,49477.00,7
858,843,ORD_858,2015-01-01 00:00:00.000,2015-02-20 00:00:00.000,76275.00,6
859,239,ORD_859,2015-06-16 00:00:00.000,2015-06-26 00:00:00.000,22555.00,1
860,948,ORD_860,2015-03-12 00:00:00.000,2015-04-05 00:00:00.000,34598.00,3
861,878,ORD_861,2015-03-16 00:00:00.000,2015-06-04 00:00:00.000,95033.00,2
862,41,ORD_862,2015-06-27 00:00:00.000,2015-06-28 00:00:00.000,65052.00,7
863,130,ORD_863,2015-01-03 00:00:00.000,2015-03-25 00:00:00.000,89015.00,7
864,933,ORD_864,2015-03-24 00:00:00.000,2015-04-07 00:00:00.000,8356.00,3
865,634,ORD_865,2015-06-12 00:00:00.000,2015-06-16 00:00:00.000,91255.00,3
866,135,ORD_866,2015-03-12 00:00:00.000,2015-04-08 00:00:00.000,24130.00,4
867,316,ORD_867,2015-01-25 00:00:00.000,2015-04-25 00:00:00.000,74463.00,6
868,534,ORD_868,2015-06-25 00:00:00.000,2015-06-28 00:00:00.000,56638.00,3
869,53,ORD_869,2015-01-09 00:00:00.000,2015-01-29 00:00:00.000,55590.00,3
870,500,ORD_870,2015-04-08 00:00:00.000,2015-04-13 00:00:00.000,66375.00,2
871,28,ORD_871,2015-01-31 00:00:00.000,2015-06-17 00:00:00.000,54411.00,3
872,1019,ORD_872,2015-04-28 00:00:00.000,2015-06-25 00:00:00.000,47489.00,2
873,509,ORD_873,2015-02-12 00:00:00.000,2015-06-30 00:00:00.000,28002.00,1
874,282,ORD_874,2015-05-01 00:00:00.000,2015-05-17 00:00:00.000,14138.00,2
875,248,ORD_875,2015-03-16 00:00:00.000,2015-05-30 00:00:00.000,42623.00,1
876,647,ORD_876,2015-02-26 00:00:00.000,2015-04-30 00:00:00.000,18031.00,5
877,521,ORD_877,2015-03-05 00:00:00.000,2015-03-24 00:00:00.000,42848.00,1
878,179,ORD_878,2015-05-21 00:00:00.000,2015-06-14 00:00:00.000,51538.00,3
879,152,ORD_879,2015-04-14 00:00:00.000,2015-05-08 00:00:00.000,72295.00,4
880,618,ORD_880,2015-04-25 00:00:00.000,2015-06-17 00:00:00.000,63560.00,6
881,145,ORD_881,2015-06-10 00:00:00.000,2015-06-30 00:00:00.000,72542.00,2
882,167,ORD_882,2015-03-11 00:00:00.000,2015-06-17 00:00:00.000,54489.00,6
883,295,ORD_883,2015-04-17 00:00:00.000,2015-04-17 00:00:00.000,67011.00,3
884,296,ORD_884,2015-04-02 00:00:00.000,2015-04-28 00:00:00.000,47866.00,1
885,1007,ORD_885,2015-03-11 00:00:00.000,2015-04-07 00:00:00.000,34704.00,1
886,101,ORD_886,2015-01-04 00:00:00.000,2015-01-10 00:00:00.000,83114.00,1
887,776,ORD_887,2015-06-03 00:00:00.000,2015-06-16 00:00:00.000,33454.00,1
888,334,ORD_888,2015-01-28 00:00:00.000,2015-05-02 00:00:00.000,69684.00,1
889,561,ORD_889,2015-06-02 00:00:00.000,2015-06-21 00:00:00.000,35991.00,2
890,750,ORD_890,2015-02-20 00:00:00.000,2015-05-16 00:00:00.000,31925.00,5
891,878,ORD_891,2015-04-04 00:00:00.000,2015-06-17 00:00:00.000,16679.00,3
892,902,ORD_892,2015-05-09 00:00:00.000,2015-06-13 00:00:00.000,81621.00,1
893,892,ORD_893,2015-04-03 00:00:00.000,2015-05-10 00:00:00.000,77027.00,1
894,513,ORD_894,2015-06-19 00:00:00.000,2015-06-24 00:00:00.000,96627.00,4
895,1005,ORD_895,2015-01-29 00:00:00.000,2015-03-06 00:00:00.000,30242.00,4
896,440,ORD_896,2015-01-23 00:00:00.000,2015-04-13 00:00:00.000,46352.00,1
897,402,ORD_897,2015-01-12 00:00:00.000,2015-06-05 00:00:00.000,35763.00,1
898,651,ORD_898,2015-05-03 00:00:00.000,2015-06-06 00:00:00.000,69284.00,3
899,868,ORD_899,2015-06-27 00:00:00.000,2015-06-28 00:00:00.000,33594.00,6
900,849,ORD_900,2015-02-08 00:00:00.000,2015-06-12 00:00:00.000,40288.00,1
901,961,ORD_901,2015-06-01 00:00:00.000,2015-06-11 00:00:00.000,80519.00,1
902,281,ORD_902,2015-01-16 00:00:00.000,2015-03-12 00:00:00.000,68406.00,4
903,383,ORD_903,2015-06-13 00:00:00.000,2015-06-27 00:00:00.000,29346.00,6
904,821,ORD_904,2015-02-09 00:00:00.000,2015-05-05 00:00:00.000,20191.00,3
905,648,ORD_905,2015-03-08 00:00:00.000,2015-03-10 00:00:00.000,7238.00,2
906,612,ORD_906,2015-04-13 00:00:00.000,2015-05-16 00:00:00.000,5287.00,5
907,140,ORD_907,2015-02-04 00:00:00.000,2015-04-17 00:00:00.000,84034.00,1
908,149,ORD_908,2015-04-17 00:00:00.000,2015-05-11 00:00:00.000,42735.00,7
909,132,ORD_909,2015-02-13 00:00:00.000,2015-03-19 00:00:00.000,21877.00,6
910,575,ORD_910,2015-06-23 00:00:00.000,2015-06-23 00:00:00.000,22547.00,1
911,753,ORD_911,2015-01-14 00:00:00.000,2015-03-05 00:00:00.000,7369.00,4
912,422,ORD_912,2015-01-14 00:00:00.000,2015-02-27 00:00:00.000,34613.00,7
913,703,ORD_913,2015-06-11 00:00:00.000,2015-06-19 00:00:00.000,45581.00,7
914,824,ORD_914,2015-03-24 00:00:00.000,2015-05-25 00:00:00.000,44970.00,4
915,1018,ORD_915,2015-04-23 00:00:00.000,2015-06-13 00:00:00.000,76939.00,7
916,594,ORD_916,2015-06-21 00:00:00.000,2015-06-23 00:00:00.000,95729.00,6
917,598,ORD_917,2015-03-27 00:00:00.000,2015-04-09 00:00:00.000,91382.00,4
918,533,ORD_918,2015-02-22 00:00:00.000,2015-05-30 00:00:00.000,81966.00,5
919,840,ORD_919,2015-01-24 00:00:00.000,2015-05-21 00:00:00.000,31566.00,2
920,720,ORD_920,2015-01-16 00:00:00.000,2015-05-19 00:00:00.000,13234.00,5
921,739,ORD_921,2015-03-18 00:00:00.000,2015-06-21 00:00:00.000,4553.00,5
922,127,ORD_922,2015-02-22 00:00:00.000,2015-05-23 00:00:00.000,30881.00,3
923,261,ORD_923,2015-01-23 00:00:00.000,2015-01-24 00:00:00.000,92007.00,1
924,890,ORD_924,2015-06-22 00:00:00.000,2015-06-27 00:00:00.000,92357.00,4
925,379,ORD_925,2015-01-22 00:00:00.000,2015-04-07 00:00:00.000,38320.00,2
926,102,ORD_926,2015-03-11 00:00:00.000,2015-05-13 00:00:00.000,78590.00,7
927,986,ORD_927,2015-01-04 00:00:00.000,2015-03-12 00:00:00.000,20699.00,6
928,577,ORD_928,2015-05-16 00:00:00.000,2015-06-18 00:00:00.000,27235.00,4
929,252,ORD_929,2015-05-02 00:00:00.000,2015-05-31 00:00:00.000,96667.00,7
930,539,ORD_930,2015-04-18 00:00:00.000,2015-06-13 00:00:00.000,5968.00,5
931,949,ORD_931,2015-05-22 00:00:00.000,2015-06-24 00:00:00.000,49204.00,6
932,788,ORD_932,2015-03-24 00:00:00.000,2015-06-02 00:00:00.000,46485.00,3
933,35,ORD_933,2015-05-17 00:00:00.000,2015-06-14 00:00:00.000,82333.00,6
934,445,ORD_934,2015-03-09 00:00:00.000,2015-03-24 00:00:00.000,67805.00,4
935,709,ORD_935,2015-03-09 00:00:00.000,2015-06-04 00:00:00.000,35478.00,1
936,77,ORD_936,2015-01-02 00:00:00.000,2015-06-09 00:00:00.000,21959.00,4
937,781,ORD_937,2015-04-29 00:00:00.000,2015-05-05 00:00:00.000,28452.00,1
938,860,ORD_938,2015-02-15 00:00:00.000,2015-03-01 00:00:00.000,47150.00,1
939,845,ORD_939,2015-04-20 00:00:00.000,2015-04-25 00:00:00.000,74514.00,1
940,805,ORD_940,2015-04-29 00:00:00.000,2015-06-10 00:00:00.000,19469.00,6
941,442,ORD_941,2015-03-06 00:00:00.000,2015-05-03 00:00:00.000,48912.00,4
942,49,ORD_942,2015-05-02 00:00:00.000,2015-06-03 00:00:00.000,90352.00,4
943,347,ORD_943,2015-05-31 00:00:00.000,2015-06-14 00:00:00.000,3220.00,1
944,467,ORD_944,2015-01-06 00:00:00.000,2015-03-12 00:00:00.000,4884.00,5
945,81,ORD_945,2015-05-02 00:00:00.000,2015-05-25 00:00:00.000,45512.00,1
946,751,ORD_946,2015-01-05 00:00:00.000,2015-06-11 00:00:00.000,69132.00,3
947,572,ORD_947,2015-02-10 00:00:00.000,2015-02-12 00:00:00.000,51805.00,3
948,402,ORD_948,2015-01-29 00:00:00.000,2015-03-20 00:00:00.000,98062.00,3
949,649,ORD_949,2015-05-02 00:00:00.000,2015-06-24 00:00:00.000,84460.00,1
950,997,ORD_950,2015-01-05 00:00:00.000,2015-05-08 00:00:00.000,81621.00,2
951,477,ORD_951,2015-06-23 00:00:00.000,2015-06-30 00:00:00.000,81167.00,7
952,304,ORD_952,2015-06-18 00:00:00.000,2015-06-19 00:00:00.000,64438.00,4
953,400,ORD_953,2015-05-20 00:00:00.000,2015-06-27 00:00:00.000,74162.00,7
954,908,ORD_954,2015-01-03 00:00:00.000,2015-04-03 00:00:00.000,57144.00,1
955,927,ORD_955,2015-03-16 00:00:00.000,2015-04-10 00:00:00.000,39979.00,2
956,938,ORD_956,2015-04-17 00:00:00.000,2015-06-21 00:00:00.000,37601.00,1
957,65,ORD_957,2015-04-15 00:00:00.000,2015-06-21 00:00:00.000,64516.00,1
958,954,ORD_958,2015-04-22 00:00:00.000,2015-05-09 00:00:00.000,89325.00,3
959,627,ORD_959,2015-05-20 00:00:00.000,2015-05-22 00:00:00.000,60857.00,3
960,745,ORD_960,2015-03-12 00:00:00.000,2015-03-21 00:00:00.000,81221.00,5
961,191,ORD_961,2015-02-10 00:00:00.000,2015-02-12 00:00:00.000,95488.00,7
962,519,ORD_962,2015-05-14 00:00:00.000,2015-06-21 00:00:00.000,91695.00,4
963,326,ORD_963,2015-05-20 00:00:00.000,2015-06-09 00:00:00.000,8909.00,1
964,11,ORD_964,2015-01-02 00:00:00.000,2015-04-03 00:00:00.000,73025.00,2
965,941,ORD_965,2015-06-10 00:00:00.000,2015-06-12 00:00:00.000,43647.00,6
966,807,ORD_966,2015-04-30 00:00:00.000,2015-06-24 00:00:00.000,8919.00,5
967,1012,ORD_967,2015-02-07 00:00:00.000,2015-03-06 00:00:00.000,49598.00,3
968,609,ORD_968,2015-06-04 00:00:00.000,2015-06-08 00:00:00.000,34795.00,5
969,645,ORD_969,2015-01-14 00:00:00.000,2015-06-18 00:00:00.000,27804.00,2
970,458,ORD_970,2015-04-24 00:00:00.000,2015-06-06 00:00:00.000,41665.00,5
971,37,ORD_971,2015-01-17 00:00:00.000,2015-04-01 00:00:00.000,66379.00,2
972,174,ORD_972,2015-02-02 00:00:00.000,2015-02-02 00:00:00.000,19213.00,1
973,620,ORD_973,2015-05-15 00:00:00.000,2015-05-15 00:00:00.000,8948.00,3
974,239,ORD_974,2015-01-12 00:00:00.000,2015-02-23 00:00:00.000,35513.00,1
975,905,ORD_975,2015-04-08 00:00:00.000,2015-06-25 00:00:00.000,14510.00,1
976,817,ORD_976,2015-01-28 00:00:00.000,2015-05-03 00:00:00.000,67465.00,3
977,800,ORD_977,2015-06-24 00:00:00.000,2015-06-24 00:00:00.000,58934.00,5
978,449,ORD_978,2015-03-07 00:00:00.000,2015-03-15 00:00:00.000,36509.00,2
979,949,ORD_979,2015-06-27 00:00:00.000,2015-06-30 00:00:00.000,31141.00,4
980,539,ORD_980,2015-04-05 00:00:00.000,2015-05-06 00:00:00.000,7136.00,1
981,899,ORD_981,2015-05-22 00:00:00.000,2015-05-23 00:00:00.000,85460.00,2
982,208,ORD_982,2015-05-22 00:00:00.000,2015-05-28 00:00:00.000,58887.00,4
983,490,ORD_983,2015-03-15 00:00:00.000,2015-06-02 00:00:00.000,40686.00,7
984,611,ORD_984,2015-03-19 00:00:00.000,2015-05-18 00:00:00.000,34577.00,6
985,523,ORD_985,2015-04-26 00:00:00.000,2015-06-14 00:00:00.000,35492.00,6
986,847,ORD_986,2015-06-19 00:00:00.000,2015-06-19 00:00:00.000,69532.00,6
987,577,ORD_987,2015-06-08 00:00:00.000,2015-06-14 00:00:00.000,52634.00,1
988,432,ORD_988,2015-04-30 00:00:00.000,2015-05-30 00:00:00.000,79706.00,1
989,86,ORD_989,2015-04-22 00:00:00.000,2015-06-27 00:00:00.000,61254.00,3
990,176,ORD_990,2015-03-11 00:00:00.000,2015-06-04 00:00:00.000,10763.00,7
991,977,ORD_991,2015-04-11 00:00:00.000,2015-06-13 00:00:00.000,50824.00,1
992,955,ORD_992,2015-06-05 00:00:00.000,2015-06-05 00:00:00.000,46384.00,5
993,848,ORD_993,2015-03-01 00:00:00.000,2015-06-16 00:00:00.000,80212.00,6
994,829,ORD_994,2015-04-01 00:00:00.000,2015-06-13 00:00:00.000,64220.00,2
995,330,ORD_995,2015-02-13 00:00:00.000,2015-04-07 00:00:00.000,69263.00,1
996,112,ORD_996,2015-05-18 00:00:00.000,2015-06-02 00:00:00.000,75661.00,3
997,975,ORD_997,2015-04-23 00:00:00.000,2015-06-30 00:00:00.000,93588.00,7
998,990,ORD_998,2015-03-31 00:00:00.000,2015-04-04 00:00:00.000,29912.00,2
999,330,ORD_999,2015-01-16 00:00:00.000,2015-01-27 00:00:00.000,30759.00,5
1000,162,ORD_1000,2015-03-03 00:00:00.000,2015-03-10 00:00:00.000,22015.00,4